prompt_id,tier,family,prompt_text,clip_craft,clip_gpt4o,clip_gpt52,clip_gt
7_segment__WT5011BSR,Simple,7_segment,A 7 segment: [12.7; 19; 8.2],0.172869,0.179926,0.180817,0.169427
antenna__ESP201_antenna,Simple,antenna,A antenna,0.218165,0.229742,0.238856,0.262913
axial__DO_35,Medium,axial,A axial: [3.4; 1.75; 0.3],0.183636,0.169621,0.157258,0.177184
axial__DO_41,Medium,axial,A axial: [5.21; 2.72; 0],0.200207,0.183579,0.185593,0.171755
ball_bearing__BB608,Medium,ball_bearing,A ball bearing with 8.0mm bore; 22.0mm outer diameter; and 7.0mm width,0.249856,0.217213,0.237840,0.273048
ball_bearing__BB6200,Medium,ball_bearing,A ball bearing with 10.0mm bore; 30.0mm outer diameter; and 9.0mm width,0.252487,0.217995,0.262130,0.286442
ball_bearing__BB6201,Medium,ball_bearing,A ball bearing with 12.0mm bore; 32.0mm outer diameter; and 10.0mm width,0.226688,0.215472,0.242636,0.279167
ball_bearing__BB624,Medium,ball_bearing,A ball bearing with 4.0mm bore; 13.0mm outer diameter; and 5.0mm width,0.216381,0.224775,0.242333,0.281301
ball_bearing__BB6808,Medium,ball_bearing,A ball bearing with 40.0mm bore; 52.0mm outer diameter; and 7.0mm width,0.240478,0.193390,0.206631,0.278813
ball_bearing__BB686,Medium,ball_bearing,A ball bearing with 6.0mm bore; 13.0mm outer diameter; and 5.0mm width,0.215310,0.224887,0.254318,0.283737
ball_bearing__BB696,Medium,ball_bearing,A ball bearing with 6.0mm bore; 16.0mm outer diameter; and 5.0mm width,0.249377,0.219895,0.250001,0.275118
ball_bearing__BBF623,Medium,ball_bearing,A flanged ball bearing with 3.0mm bore; 10.0mm outer diameter; and 4.0mm width; with a 11.5mm flange diameter,0.196768,0.173070,0.216883,0.243785
ball_bearing__BBF625,Medium,ball_bearing,A flanged ball bearing with 5.0mm bore; 16.0mm outer diameter; and 5.0mm width; with a 18.0mm flange diameter,0.242112,0.179048,0.212669,0.251522
ball_bearing__BBF693,Medium,ball_bearing,A flanged ball bearing with 3.0mm bore; 8.0mm outer diameter; and 3.0mm width; with a 9.5mm flange diameter,0.221325,0.180257,0.161872,0.257463
ball_bearing__BBF695,Medium,ball_bearing,A flanged ball bearing with 5.0mm bore; 13.0mm outer diameter; and 4.0mm width; with a 15.0mm flange diameter,0.226916,0.183191,0.232835,0.259279
ball_bearing__BBMR63,Medium,ball_bearing,A ball bearing with 3.0mm bore; 6.0mm outer diameter; and 2.5mm width,0.234471,0.216240,0.237502,0.252313
ball_bearing__BBMR83,Medium,ball_bearing,A ball bearing with 3.0mm bore; 8.0mm outer diameter; and 3.0mm width,0.182403,0.223238,0.229017,0.269839
ball_bearing__BBMR85,Medium,ball_bearing,A ball bearing with 5.0mm bore; 8.0mm outer diameter; and 2.5mm width,0.239511,0.211058,0.219851,0.270482
ball_bearing__BBMR93,Medium,ball_bearing,A ball bearing with 3.0mm bore; 9.0mm outer diameter; and 4.0mm width,0.235980,0.217895,0.206950,0.262961
ball_bearing__BBMR95,Medium,ball_bearing,A ball bearing with 5.0mm bore; 9.0mm outer diameter; and 3.0mm width,0.238569,0.221928,0.234047,0.277128
ball_bearing__BBSMR95,Medium,ball_bearing,A ball bearing with 5.0mm bore; 9.0mm outer diameter; and 2.5mm width,0.241981,0.217249,0.261399,0.268791
batterie__A23CELL,Medium,batterie,A battery cell; 28.5mm tall; 10.3mm diameter,0.193445,0.208092,0.211596,0.291798
batterie__AAACELL,Medium,batterie,A battery cell; 44.5mm tall; 10.5mm diameter,0.216948,0.194466,0.213318,0.279071
batterie__AACELL,Medium,batterie,A battery cell; 50.5mm tall; 14.5mm diameter,0.271664,0.208300,0.213228,0.286093
batterie__CCELL,Medium,batterie,A battery cell; 50.0mm tall; 26.2mm diameter,0.276627,0.224133,0.216238,0.309467
batterie__DCELL,Medium,batterie,A battery cell; 61.5mm tall; 34.2mm diameter,0.226628,0.217021,0.209343,0.301747
batterie__LI16340,Medium,batterie,A battery cell; 35.2mm tall; 16.4mm diameter,0.185648,0.203512,0.228197,0.287428
batterie__LI32700,Medium,batterie,A battery cell; 70.2mm tall; 32.4mm diameter,0.208496,0.213575,0.213840,0.277502
batterie__LI4680,Medium,batterie,A battery cell; 80.2mm tall; 46.2mm diameter,0.215248,0.220460,0.222165,0.242574
batterie__LUMINTOP,Medium,batterie,A battery cell; 70.7mm tall; 18.4mm diameter,0.247463,0.205317,0.207756,0.275334
batterie__S25R18650,Medium,batterie,A battery cell; 65.0mm tall; 18.3mm diameter,0.223918,0.222886,0.232633,0.216594
bearing_block__SCS10LUU,Complex,bearing_block,A long linear bearing block for 8.0mm shaft; block size 40.0mm x 68.0mm,0.232879,0.169055,0.150372,0.225343
bearing_block__SCS10UU,Complex,bearing_block,A linear bearing block for 8.0mm shaft; block size 40.0mm x 35.0mm,0.232483,0.153083,0.167819,0.239068
bearing_block__SCS12LUU,Complex,bearing_block,A long linear bearing block for 8.0mm shaft; block size 42.0mm x 70.0mm,0.233412,0.192632,0.239380,0.237675
bearing_block__SCS12UU,Complex,bearing_block,A linear bearing block for 8.0mm shaft; block size 42.0mm x 36.0mm,0.242445,0.190539,0.172725,0.254831
bearing_block__SCS16LUU,Complex,bearing_block,A long linear bearing block for 9.0mm shaft; block size 50.0mm x 85.0mm,0.218149,0.182489,0.230223,0.229391
bearing_block__SCS16UU,Complex,bearing_block,A linear bearing block for 9.0mm shaft; block size 50.0mm x 44.0mm,0.194889,0.177211,0.145359,0.244366
bearing_block__SCS6UU,Complex,bearing_block,A linear bearing block for 6.0mm shaft; block size 30.0mm x 25.0mm,0.217696,0.202294,0.204772,0.256181
bearing_block__SCS8LUU,Complex,bearing_block,A long linear bearing block for 6.0mm shaft; block size 34.0mm x 58.0mm,0.235682,0.195527,0.227080,0.248909
bearing_block__SCS8UU,Complex,bearing_block,A linear bearing block for 6.0mm shaft; block size 34.0mm x 30.0mm,0.222044,0.207501,,0.263918
bldc_motor__BLDC0603,Complex,bldc_motor,A brushless DC motor with 9.0mm stator diameter and 8.0mm height,0.207806,0.147456,0.191898,0.207307
bldc_motor__BLDC0802,Complex,bldc_motor,A brushless DC motor with 11.5mm stator diameter and 9.5mm height,0.178843,0.137239,0.187154,0.215227
bldc_motor__BLDC1105,Complex,bldc_motor,A brushless DC motor with 14.0mm stator diameter and 11.75mm height,0.239536,0.135906,0.162746,0.216725
bldc_motor__BLDC1306,Complex,bldc_motor,A brushless DC motor with 17.75mm stator diameter and 14.5mm height,0.213813,0.177833,0.168271,0.259159
bldc_motor__BLDC1804,Complex,bldc_motor,A brushless DC motor with 23.0mm stator diameter and 12.0mm height,0.238574,0.132288,0.212412,0.224176
bldc_motor__BLDC2205,Complex,bldc_motor,A brushless DC motor with 28.0mm stator diameter and 17.25mm height,0.220871,0.166992,0.211483,0.247327
bldc_motor__BLDC2212,Complex,bldc_motor,A brushless DC motor with 28.0mm stator diameter and 27.0mm height,0.213031,0.166193,0.215066,0.257974
bldc_motor__BLDC3548,Complex,bldc_motor,A brushless DC motor with 35.0mm stator diameter and 45.0mm height,0.226566,0.135814,0.141623,0.250444
bldc_motor__BLDC4250,Complex,bldc_motor,A brushless DC motor with 42.5mm stator diameter and 48.0mm height,0.258582,0.135397,0.216792,0.266714
blower__BL30x10,Complex,blower,A centrifugal blower fan; 30.0mm x 30.0mm x 10.1mm,0.174863,0.185906,0.241511,0.264159
blower__BL40x10,Complex,blower,A centrifugal blower fan; 40.0mm x 40.0mm x 9.5mm,0.260480,0.153699,,0.280750
blower__PE4020,Complex,blower,A centrifugal blower fan; 40.0mm x 40.0mm x 20.0mm,0.179103,0.172748,0.234685,0.294182
blower__RB5015,Complex,blower,A centrifugal blower fan; 51.3mm x 51.0mm x 15.0mm,0.246197,0.143363,,0.272326
box_section__AL12x8x1,Simple,box_section,A box section: Aluminium rectangular box section 12mm x 8mm x 1mm,0.205216,0.186802,0.184708,0.222084
box_section__AL20x20x2,Simple,box_section,A box section: Aluminium rectangular box section 20mm x 20mm x 2mm,0.228630,0.228507,0.197484,0.235430
box_section__AL38p1x25p4x1p6,Simple,box_section,A box section: Aluminium rectangular box section 38.1mm x 25.4mm x 1.6mm,0.196217,0.190214,0.198368,0.220765
box_section__AL50p8x38p1x3,Simple,box_section,A box section: Aluminium rectangular box section 50.8mm x 38.1mm x 3.0mm,0.216012,0.190644,0.192157,0.207110
component__Epcos,Simple,component,A component: Thermistor Epcos B57560G104F 100K 1%,0.200265,0.168103,0.165716,0.196028
component__EpcosBlue,Simple,component,A component: Thermistor Epcos B57861S104F40 100K 1%,0.186669,0.184811,0.189138,0.201525
component__Honewell,Simple,component,A component: Thermistor Honeywell 135-104LAC-J01 100K 1%,0.221739,0.189596,0.213000,0.187655
component__RIE1212UB5C5R6,Simple,component,A component: Resistor 5R6F 5R6 3W vitreous enamel,0.234578,0.141740,0.238848,0.242704
component__RWM04106R80J,Simple,component,A component: Resistor 6R8 3W vitreous enamel,0.236316,0.214604,0.234062,0.213478
component__TC,Medium,component,A component,0.204024,0.198073,0.216596,0.226737
component__THS10,Medium,component,A component,0.215433,0.205343,0.210951,0.213308
component__THS15,Medium,component,A component,0.221663,0.205343,0.221231,0.213004
component__THS25,Medium,component,A component,0.223949,0.209977,0.218670,0.218781
component__THS50,Medium,component,A component,0.226880,0.215391,0.227216,0.223811
d_connector__DCONN15,Complex,d_connector,A d connector,0.221648,0.170153,0.208651,0.254146
d_connector__DCONN25,Complex,d_connector,A d connector,0.223500,0.214815,0.170395,0.262059
d_connector__DCONN9,Complex,d_connector,A d connector,0.207793,0.170153,0.203064,0.248142
display__BigTreeTech_TFT35v3_0,Medium,display,A display module (v3.0); 84.5mm x 54.5mm,0.199951,0.199073,0.214529,0.202681
display__HDMI5,Medium,display,A display: HDMI display 5\""; 121; 76; 2.85; ; [0; 0; 1.9]; // pcb offst [[-54; -30.225]; [54; 34.575; 0.5]]; // aperture [[-58.7; -34]; [58.7; 36.25; 1]]; // touch screen 2; // thread length [[-2.5; -39]; [10.5; -33]]; // clearance need for the ts ribbon,0.135961,0.166453,0.186306,0.205525
display__LCD1602A,Medium,display,A display module (LCD display 1602A); 71.3mm x 24.3mm,0.265673,0.174889,0.210513,0.212685
display__LCD1602AI2C,Medium,display,A display module (LCD display 1602A); 71.3mm x 24.3mm,0.158290,0.174889,0.214232,0.211690
display__LCD2004A,Medium,display,A display module (LCD display 2004A); 97.0mm x 39.5mm,0.195457,0.169240,0.187050,0.216452
display__LCDS7282B,Medium,display,A display module (LCD display S-7282B); 73.6mm x 28.7mm,0.175042,0.155371,0.158387,0.191478
display__SSD1963_4p3,Medium,display,A display: LCD display 4.3\""; 105.5; 67.2; 3.4; ; [0; 0; 0]; [[-50; -26.5]; [50; 31.5; 0.5]]; [[-105.5 / 2; -65 / 2 + 1]; [105.5 / 2; 65 / 2 + 1; 1]]; 0; [[0; -34.5]; [12; -31.5]];,0.156740,0.191469,0.175566,0.192420
display__TFT128x160,Medium,display,A display module (LCD TFT display 128x160); 46.0mm x 34.0mm,0.190453,0.181376,0.189949,0.200912
extrusion__E1515,Simple,extrusion,An aluminium extrusion profile; 15.0mm x 15.0mm cross section; 100mm long,0.230821,0.203410,0.182234,0.288620
extrusion__E2020,Simple,extrusion,An aluminium extrusion profile; 20.0mm x 20.0mm cross section; 100mm long,0.249317,0.232030,0.218210,0.287927
extrusion__E2020t,Simple,extrusion,An aluminium extrusion profile; 20.0mm x 20.0mm cross section; 100mm long,0.224850,0.232030,0.236406,0.286978
extrusion__E2040,Simple,extrusion,An aluminium extrusion profile; 20.0mm x 40.0mm cross section; 100mm long,0.279197,0.205352,0.223047,0.297470
extrusion__E2060,Simple,extrusion,An aluminium extrusion profile; 20.0mm x 60.0mm cross section; 100mm long,0.267980,0.234153,0.217310,0.300521
extrusion__E2080,Simple,extrusion,An aluminium extrusion profile; 20.0mm x 80.0mm cross section; 100mm long,0.287375,0.243415,0.207734,0.287947
extrusion__E3030,Simple,extrusion,An aluminium extrusion profile; 30.0mm x 30.0mm cross section; 100mm long,0.257978,0.212818,0.193469,0.307174
extrusion__E3060,Simple,extrusion,An aluminium extrusion profile; 30.0mm x 60.0mm cross section; 100mm long,0.265627,0.215822,0.232749,0.303404
extrusion__E4040,Simple,extrusion,An aluminium extrusion profile; 40.0mm x 40.0mm cross section; 100mm long,0.281767,0.246078,0.243627,0.273870
extrusion__E4040t,Simple,extrusion,An aluminium extrusion profile; 40.0mm x 40.0mm cross section; 100mm long,0.256269,0.245372,0.215389,0.291117
extrusion__E4080,Simple,extrusion,An aluminium extrusion profile; 40.0mm x 80.0mm cross section; 100mm long,0.273264,0.208582,0.214045,0.296070
extrusion__Makerbeam,Simple,extrusion,An aluminium extrusion profile; 10.0mm x 10.0mm cross section; 100mm long,0.186013,0.191611,0.186813,0.264385
extrusion__MakerbeamXL,Simple,extrusion,An aluminium extrusion profile; 15.0mm x 15.0mm cross section; 100mm long,0.268823,0.203410,0.182234,0.255868
extrusion_bracket__E20_corner_bracket,Medium,extrusion_bracket,A extrusion bracket: [28; 28; 20],0.214316,0.203343,0.196929,0.239934
extrusion_bracket__E20_inner_corner_bracket,Medium,extrusion_bracket,A extrusion bracket: [26; 25; 4.7],0.245768,0.200205,0.201542,0.224818
extrusion_bracket__E40_corner_bracket,Medium,extrusion_bracket,A extrusion bracket: [40; 40; 35],0.214697,0.195627,0.187634,0.233503
extrusion_bracket__E40_inner_corner_bracket,Medium,extrusion_bracket,A extrusion bracket: [38; 31; 8.5],0.213350,0.203106,0.196898,0.225558
gear_motor__FIT0492_A,Medium,gear_motor,A gear motor: [6; 5.5; 14.7; 12],0.210466,0.189504,0.191478,0.254955
hot_end__E3D_clone,Simple,hot_end,A 3D printer hot end; 66.0mm total length; 6.8mm barrel diameter; 1.75mm filament,0.222382,0.185089,0.196132,0.208443
hot_end__E3Dv5,Simple,hot_end,A 3D printer hot end; 70.0mm total length; 3.7mm barrel diameter; 1.75mm filament,0.211853,0.170733,0.185035,0.203012
hot_end__E3Dv6,Simple,hot_end,A 3D printer hot end; 62.0mm total length; 3.7mm barrel diameter; 1.75mm filament,0.206416,0.183582,0.164232,0.206723
hot_end__JHeadMk5,Simple,hot_end,A 3D printer hot end; 51.2mm total length; 4.75mm barrel diameter; 1.75mm filament,0.197107,0.181614,0.197918,0.211338
ht_pipe__HT_110_cap,Simple,ht_pipe,A ht pipe: HT 110 cap,0.236253,0.169165,0.220867,0.222893
ht_pipe__HT_110_pipe_1000,Simple,ht_pipe,A ht pipe: HT 110 pipe 1000 mm,0.221894,0.205652,0.228667,0.233960
ht_pipe__HT_110_pipe_150,Simple,ht_pipe,A ht pipe: HT 110 pipe 150 mm,0.215352,0.190857,0.213075,0.220323
ht_pipe__HT_110_pipe_1500,Simple,ht_pipe,A ht pipe: HT 110 pipe 1500 mm,0.237317,0.204723,0.228044,0.238276
ht_pipe__HT_110_pipe_2000,Simple,ht_pipe,A ht pipe: HT 110 pipe 2000 mm,0.226346,0.201041,0.212406,0.227315
ht_pipe__HT_110_pipe_250,Simple,ht_pipe,A ht pipe: HT 110 pipe 250 mm,0.233813,0.215712,0.224806,0.230734
ht_pipe__HT_110_pipe_500,Simple,ht_pipe,A ht pipe: HT 110 pipe 500 mm,0.232863,0.209158,0.231362,0.243708
ht_pipe__HT_125_cap,Simple,ht_pipe,A ht pipe: HT 125 cap,0.204099,0.180708,0.214954,0.209747
ht_pipe__HT_125_pipe_1000,Simple,ht_pipe,A ht pipe: HT 125 pipe 1000 mm,0.241625,0.227502,0.224707,0.234042
ht_pipe__HT_125_pipe_150,Simple,ht_pipe,A ht pipe: HT 125 pipe 150 mm,0.193196,0.207485,0.205544,0.196384
ht_pipe__HT_125_pipe_1500,Simple,ht_pipe,A ht pipe: HT 125 pipe 1500 mm,0.211943,0.195186,0.221928,0.228192
ht_pipe__HT_125_pipe_2000,Simple,ht_pipe,A ht pipe: HT 125 pipe 2000 mm,0.226154,0.199322,0.210624,0.224614
ht_pipe__HT_125_pipe_250,Simple,ht_pipe,A ht pipe: HT 125 pipe 250 mm,0.199215,0.209144,0.218759,0.225079
ht_pipe__HT_125_pipe_500,Simple,ht_pipe,A ht pipe: HT 125 pipe 500 mm,0.241531,0.211319,0.230094,0.244306
ht_pipe__HT_160_cap,Simple,ht_pipe,A ht pipe: HT 160 cap,0.208137,0.163758,0.201478,0.216918
ht_pipe__HT_160_pipe_1000,Simple,ht_pipe,A ht pipe: HT 160 pipe 1000 mm,0.246857,0.207816,0.227404,0.234155
ht_pipe__HT_160_pipe_150,Simple,ht_pipe,A ht pipe: HT 160 pipe 150 mm,0.209937,0.170108,0.212441,0.183240
ht_pipe__HT_160_pipe_1500,Simple,ht_pipe,A ht pipe: HT 160 pipe 1500 mm,0.236806,0.202252,0.226041,0.233768
ht_pipe__HT_160_pipe_2000,Simple,ht_pipe,A ht pipe: HT 160 pipe 2000 mm,0.227909,0.201796,0.223830,0.227755
ht_pipe__HT_160_pipe_250,Simple,ht_pipe,A ht pipe: HT 160 pipe 250 mm,0.186252,0.211549,0.211912,0.202686
ht_pipe__HT_160_pipe_500,Simple,ht_pipe,A ht pipe: HT 160 pipe 500 mm,0.234393,0.221702,0.230930,0.221966
ht_pipe__HT_32_cap,Simple,ht_pipe,A ht pipe: HT 32 cap,0.223168,0.187591,0.201236,0.241957
ht_pipe__HT_32_pipe_1000,Simple,ht_pipe,A ht pipe: HT 32 pipe 1000 mm,0.219348,0.194525,0.199436,0.211970
ht_pipe__HT_32_pipe_150,Simple,ht_pipe,A ht pipe: HT 32 pipe 150 mm,0.236583,0.207613,0.233359,0.236687
ht_pipe__HT_32_pipe_1500,Simple,ht_pipe,A ht pipe: HT 32 pipe 1500 mm,0.200740,0.185556,0.184031,0.191893
ht_pipe__HT_32_pipe_2000,Simple,ht_pipe,A ht pipe: HT 32 pipe 2000 mm,0.196533,0.179583,0.179674,0.188667
ht_pipe__HT_32_pipe_250,Simple,ht_pipe,A ht pipe: HT 32 pipe 250 mm,0.236060,0.223746,0.223129,0.239724
ht_pipe__HT_32_pipe_500,Simple,ht_pipe,A ht pipe: HT 32 pipe 500 mm,0.235899,0.206121,0.229274,0.236181
ht_pipe__HT_40_cap,Simple,ht_pipe,A ht pipe: HT 40 cap,0.229192,0.212835,0.245340,0.240792
ht_pipe__HT_40_pipe_1000,Simple,ht_pipe,A ht pipe: HT 40 pipe 1000 mm,0.230697,0.202831,0.217226,0.227314
ht_pipe__HT_40_pipe_150,Simple,ht_pipe,A ht pipe: HT 40 pipe 150 mm,0.247544,0.216627,0.241325,0.244819
ht_pipe__HT_40_pipe_1500,Simple,ht_pipe,A ht pipe: HT 40 pipe 1500 mm,0.203025,0.190853,0.187584,0.204388
ht_pipe__HT_40_pipe_2000,Simple,ht_pipe,A ht pipe: HT 40 pipe 2000 mm,0.200068,0.188398,0.188778,0.199101
ht_pipe__HT_40_pipe_250,Simple,ht_pipe,A ht pipe: HT 40 pipe 250 mm,0.242856,0.207954,0.227043,0.236238
ht_pipe__HT_40_pipe_500,Simple,ht_pipe,A ht pipe: HT 40 pipe 500 mm,0.230989,0.207655,0.229023,0.246809
ht_pipe__HT_50_40_tpipe,Simple,ht_pipe,A ht pipe: HT 50/40 T pipe,0.243335,0.220740,0.247403,0.233306
ht_pipe__HT_50_cap,Simple,ht_pipe,A ht pipe: HT 50 cap,0.211635,0.198525,0.211452,0.231293
ht_pipe__HT_50_pipe_1000,Simple,ht_pipe,A ht pipe: HT 50 pipe 1000 mm,0.214280,0.209305,0.212545,0.231650
ht_pipe__HT_50_pipe_150,Simple,ht_pipe,A ht pipe: HT 50 pipe 150 mm,0.244670,0.226022,0.236736,0.247367
ht_pipe__HT_50_pipe_1500,Simple,ht_pipe,A ht pipe: HT 50 pipe 1500 mm,0.211235,0.192924,0.201370,0.214306
ht_pipe__HT_50_pipe_2000,Simple,ht_pipe,A ht pipe: HT 50 pipe 2000 mm,0.212084,0.190329,0.183320,0.194266
ht_pipe__HT_50_pipe_250,Simple,ht_pipe,A ht pipe: HT 50 pipe 250 mm,0.231482,0.206921,0.231052,0.240293
ht_pipe__HT_50_pipe_500,Simple,ht_pipe,A ht pipe: HT 50 pipe 500 mm,0.234509,0.207653,0.230555,0.249883
ht_pipe__HT_50_tpipe,Simple,ht_pipe,A ht pipe: HT 50 T pipe,0.228592,0.190109,0.213595,0.239407
ht_pipe__HT_75_cap,Simple,ht_pipe,A ht pipe: HT 75 cap,0.211562,0.187051,0.205511,0.226025
ht_pipe__HT_75_pipe_1000,Simple,ht_pipe,A ht pipe: HT 75 pipe 1000 mm,0.225569,0.203973,0.229371,0.235219
ht_pipe__HT_75_pipe_150,Simple,ht_pipe,A ht pipe: HT 75 pipe 150 mm,0.225470,0.212024,0.224094,0.229179
ht_pipe__HT_75_pipe_1500,Simple,ht_pipe,A ht pipe: HT 75 pipe 1500 mm,0.211997,0.202955,0.205209,0.227921
ht_pipe__HT_75_pipe_2000,Simple,ht_pipe,A ht pipe: HT 75 pipe 2000 mm,0.221059,0.190836,0.199679,0.217144
ht_pipe__HT_75_pipe_250,Simple,ht_pipe,A ht pipe: HT 75 pipe 250 mm,0.226058,0.217644,0.229390,0.237910
ht_pipe__HT_75_pipe_500,Simple,ht_pipe,A ht pipe: HT 75 pipe 500 mm,0.244359,0.205370,0.225367,0.240288
ht_pipe__HT_90_cap,Simple,ht_pipe,A ht pipe: HT 90 cap,0.218023,0.199060,0.212601,0.218042
ht_pipe__HT_90_pipe_1000,Simple,ht_pipe,A ht pipe: HT 90 pipe 1000 mm,0.238632,0.233389,0.231993,0.237246
ht_pipe__HT_90_pipe_150,Simple,ht_pipe,A ht pipe: HT 90 pipe 150 mm,0.234412,0.226609,0.221450,0.237908
ht_pipe__HT_90_pipe_1500,Simple,ht_pipe,A ht pipe: HT 90 pipe 1500 mm,0.233443,0.197730,0.228591,0.235202
ht_pipe__HT_90_pipe_2000,Simple,ht_pipe,A ht pipe: HT 90 pipe 2000 mm,0.218691,0.212926,0.214131,0.222559
ht_pipe__HT_90_pipe_250,Simple,ht_pipe,A ht pipe: HT 90 pipe 250 mm,0.218166,0.216199,0.196862,0.228262
ht_pipe__HT_90_pipe_500,Simple,ht_pipe,A ht pipe: HT 90 pipe 500 mm,0.248837,0.231384,0.235827,0.243847
iec__IEC_320_C14_switched_fused_inlet,Complex,iec,An IEC power inlet module (switched fused inlet module); 40.0mm x 27.0mm,0.219551,0.163729,0.173530,0.217473
iec__IEC_fused_inlet,Complex,iec,An IEC power inlet module (IEC fused inlet JR-101-1F); 36.0mm x 27.0mm,0.180749,0.177203,0.149823,0.207784
iec__IEC_fused_inlet2,Complex,iec,An IEC power inlet module (IEC fused inlet old); 36.0mm x 27.0mm,0.203721,0.150128,0.186021,0.226515
iec__IEC_inlet_atx,Complex,iec,An IEC power inlet module (IEC inlet for ATX); 40.0mm x 27.0mm,0.233026,0.157286,0.196619,0.234632
iec__IEC_inlet_atx2,Complex,iec,A iec: lugless,0.185421,0.166050,0.160367,0.184678
iec__IEC_outlet,Complex,iec,An IEC power inlet module (IEC outlet RS 811-7193); 40.0mm x 32.0mm,0.217163,0.144065,0.152109,0.226912
iec__IEC_yunpen,Complex,iec,An IEC power inlet module (IEC inlet filtered); 40.0mm x 29.0mm,0.178846,0.146089,0.206765,0.210643
insert__CNCKM2p5,Simple,insert,A threaded heat-set insert; 4.0mm outer diameter; 4.6mm long; for 2.5mm screws,0.190353,0.210683,0.167276,0.208579
insert__CNCKM3,Simple,insert,A threaded heat-set insert; 3.0mm outer diameter; 4.6mm long; for 3.0mm screws,0.219356,0.205666,0.206270,0.194870
insert__CNCKM4,Simple,insert,A threaded heat-set insert; 4.0mm outer diameter; 6.3mm long; for 4.0mm screws,0.186513,0.163748,0.199806,0.180136
insert__CNCKM5,Simple,insert,A threaded heat-set insert; 5.8mm outer diameter; 7.1mm long; for 5.0mm screws,0.196351,0.200457,0.225779,0.200069
insert__F1BM2,Simple,insert,A threaded heat-set insert; 4.0mm outer diameter; 3.6mm long; for 2.0mm screws,0.244825,0.195011,0.224457,0.205464
insert__F1BM2p5,Simple,insert,A threaded heat-set insert; 5.8mm outer diameter; 4.6mm long; for 2.5mm screws,0.189490,0.139436,0.201238,0.216546
insert__F1BM3,Simple,insert,A threaded heat-set insert; 5.8mm outer diameter; 4.6mm long; for 3.0mm screws,0.235101,0.194353,0.200291,0.219284
insert__F1BM4,Simple,insert,A threaded heat-set insert; 8.2mm outer diameter; 6.3mm long; for 4.0mm screws,0.224955,0.194159,0.195521,0.221595
insert__M10x25,Simple,insert,A threaded heat-set insert; 25.0mm outer diameter; 18.5mm long; for 10.0mm screws,0.207320,0.177376,0.183385,0.223036
insert__M12x30,Simple,insert,A threaded heat-set insert; 30.0mm outer diameter; 22.0mm long; for 12.0mm screws,0.210704,0.189656,0.212082,0.222285
insert__M16x30,Simple,insert,A threaded heat-set insert; 30.0mm outer diameter; 25.0mm long; for 16.0mm screws,0.211146,0.167182,0.171535,0.212907
insert__M3x8,Simple,insert,A threaded heat-set insert; 8.0mm outer diameter; 6.0mm long; for 3.0mm screws,0.185662,0.192101,0.202053,0.236035
insert__M4x10,Simple,insert,A threaded heat-set insert; 10.0mm outer diameter; 8.0mm long; for 4.0mm screws,0.228424,0.190954,0.203933,0.233563
insert__M5x12,Simple,insert,A threaded heat-set insert; 12.0mm outer diameter; 10.0mm long; for 5.0mm screws,0.200813,0.193203,0.205326,0.221476
insert__M6x15,Simple,insert,A threaded heat-set insert; 15.0mm outer diameter; 12.0mm long; for 6.0mm screws,0.209618,0.192210,0.195723,0.224675
insert__M8x18,Simple,insert,A threaded heat-set insert; 18.0mm outer diameter; 16.0mm long; for 8.0mm screws,0.189342,0.187686,0.194296,0.225979
leadnut__LNHT8x2,Medium,leadnut,A leadscrew nut housing; 30.0mm x 34.0mm x 30.0mm block,0.237894,0.156473,0.200968,0.183758
leadnut__LSN8x2,Medium,leadnut,A leadscrew nut housing; 8.0mm x 10.2mm x 15.0mm block,0.202648,0.160563,0.226371,0.257797
leadnut__LSN8x8,Medium,leadnut,A leadscrew nut housing; 8.0mm x 12.75mm x 19.0mm block,0.216229,0.155969,0.224161,0.238215
leadnut__SFU1610,Medium,leadnut,A leadscrew nut housing; 16.0mm x 28.0mm x 42.5mm block,0.219584,0.158011,0.223089,0.254685
led__LED10mm,Medium,led,A 10.0mm through-hole LED; 11.0mm body height,0.202512,0.197189,0.230465,0.206725
led__LED3mm,Medium,led,A 3.0mm through-hole LED; 3.15mm body height,0.242370,0.206699,0.249892,0.238192
led__LED5mm,Medium,led,A 5.0mm through-hole LED; 5.9mm body height,0.240024,0.197695,0.246888,0.229985
led__LED5x2mm,Medium,led,A led,0.207305,0.200309,0.204640,0.216729
led__LED8mm,Medium,led,A 8.0mm through-hole LED; 9.2mm body height,0.236476,0.201045,0.235412,0.215582
led__LEDs,Medium,led,A led,0.241854,0.201251,0.222645,0.179166
light_strip__RIGID5050,Medium,light_strip,A light strip: rigid,0.202614,0.221440,,0.193727
linear_bearing__LM10LUU,Medium,linear_bearing,A long linear bearing with 10.0mm bore; 19.0mm outer diameter; and 55.0mm length,0.214008,0.207651,0.203392,0.234165
linear_bearing__LM10UU,Medium,linear_bearing,A linear bearing with 10.0mm bore; 19.0mm outer diameter; and 29.0mm length,0.182601,0.207088,0.203339,0.217334
linear_bearing__LM12LUU,Medium,linear_bearing,A long linear bearing with 12.0mm bore; 21.0mm outer diameter; and 57.0mm length,0.205891,0.212053,0.207447,0.232903
linear_bearing__LM12UU,Medium,linear_bearing,A linear bearing with 12.0mm bore; 21.0mm outer diameter; and 30.0mm length,0.211300,0.205973,0.209452,0.217652
linear_bearing__LM16LUU,Medium,linear_bearing,A long linear bearing with 16.0mm bore; 28.0mm outer diameter; and 70.0mm length,0.206136,0.213376,0.209672,0.232538
linear_bearing__LM16UU,Medium,linear_bearing,A linear bearing with 16.0mm bore; 28.0mm outer diameter; and 37.0mm length,0.201794,0.205819,0.216320,0.223781
linear_bearing__LM16UUOP,Medium,linear_bearing,A linear bearing with 16.0mm bore; 28.0mm outer diameter; and 37.0mm length,0.201801,0.205819,0.202272,0.212161
linear_bearing__LM3LUU,Medium,linear_bearing,A long linear bearing with 3.0mm bore; 7.0mm outer diameter; and 19.0mm length,0.201879,0.195116,0.199603,0.221449
linear_bearing__LM3UU,Medium,linear_bearing,A linear bearing with 3.0mm bore; 7.0mm outer diameter; and 10.0mm length,0.199773,0.195965,0.193737,0.225217
linear_bearing__LM4LUU,Medium,linear_bearing,A long linear bearing with 4.0mm bore; 8.0mm outer diameter; and 23.0mm length,0.212283,0.194402,0.198519,0.224813
linear_bearing__LM4UU,Medium,linear_bearing,A linear bearing with 4.0mm bore; 8.0mm outer diameter; and 12.0mm length,0.197705,0.202452,0.193856,0.221625
linear_bearing__LM5LUU,Medium,linear_bearing,A long linear bearing with 5.0mm bore; 10.0mm outer diameter; and 28.0mm length,0.238014,0.200308,0.197815,0.228089
linear_bearing__LM5UU,Medium,linear_bearing,A linear bearing with 5.0mm bore; 10.0mm outer diameter; and 15.0mm length,0.199813,0.202915,0.196163,0.218389
linear_bearing__LM6LUU,Medium,linear_bearing,A long linear bearing with 6.0mm bore; 12.0mm outer diameter; and 35.0mm length,0.208499,0.199929,0.197558,0.236467
linear_bearing__LM6UU,Medium,linear_bearing,A linear bearing with 6.0mm bore; 12.0mm outer diameter; and 19.0mm length,0.222048,0.186298,0.200316,0.219619
linear_bearing__LM8LUU,Medium,linear_bearing,A long linear bearing with 8.0mm bore; 15.0mm outer diameter; and 45.0mm length,0.206671,0.205394,0.204393,0.236369
linear_bearing__LM8UU,Medium,linear_bearing,A linear bearing with 8.0mm bore; 15.0mm outer diameter; and 24.0mm length,0.197935,0.201877,0.205052,0.219257
magnet__MAG484,Simple,magnet,A magnet: Magnet,0.218797,0.205215,0.195066,0.209523
magnet__MAG5x8,Simple,magnet,A magnet: Magnet,0.213738,0.205215,0.211090,0.201271
magnet__MAG8x4x4p2,Simple,magnet,A permanent magnet; 8.0mm diameter; 4.2mm tall,0.228567,0.212453,0.213694,0.247648
magnet__MAGRE6x2p5,Simple,magnet,A magnet: Radial encoder magnet,0.179359,0.206093,0.166371,0.208043
mains_socket__Contactum,Medium,mains_socket,A mains socket: Old and unswitched,0.170247,0.148191,0.160088,0.244692
mains_socket__MKLOGIC,Medium,mains_socket,A mains socket: Screwfix; switched,0.172762,0.130523,0.186284,0.235450
mains_socket__PMS9143A,Medium,mains_socket,A mains socket: Screwfix Essential unswitched.,0.152910,0.117767,0.193489,0.242084
nut__M2_nut,Medium,nut,A hex nut for 2.0mm screws; 4.9mm across flats; and 1.6mm thick,0.249728,0.259023,0.248332,0.235703
nut__M2p5_nut,Medium,nut,A hex nut for 2.5mm screws; 5.8mm across flats; and 2.2mm thick,0.242990,0.250192,0.258292,0.235740
nut__M3_hammer_nut,Medium,nut,A T-slot nut for 3.0mm screws; 6.0mm across flats; and 2.75mm thick,0.198630,0.214469,0.232200,0.214886
nut__M3_nut,Medium,nut,A hex nut for 3.0mm screws; 6.4mm across flats; and 2.4mm thick,0.263652,0.257814,0.257500,0.223038
nut__M3_sliding_t_nut,Medium,nut,A T-slot nut for 3.0mm screws; 6.0mm across flats; and 3.0mm thick,0.163300,0.219001,0.237091,0.226851
nut__M3nS_thin_nut,Medium,nut,A thin hex nut for 3.0mm screws; 5.5mm across flats; and 1.8mm thick,0.229189,0.268679,0.257632,0.231404
nut__M4_hammer_nut,Medium,nut,A T-slot nut for 4.0mm screws; 6.0mm across flats; and 3.25mm thick,0.174979,0.207305,0.200445,0.202313
nut__M4_nut,Medium,nut,A hex nut for 4.0mm screws; 8.1mm across flats; and 3.2mm thick,0.244733,0.200836,0.268133,0.229734
nut__M4_sliding_t_nut,Medium,nut,A T-slot nut for 4.0mm screws; 6.0mm across flats; and 3.7mm thick,0.181364,0.172802,0.204200,0.202982
nut__M4_weld_nut,Medium,nut,A hex nut for 4.0mm screws; 5.3mm across flats; and 6.3mm thick,0.187391,0.198489,0.221859,0.213052
nut__M4_wingnut,Medium,nut,A wing nut for 4.0mm screws; 10.0mm across flats; and 3.75mm thick,0.248485,0.222910,0.237794,0.221051
nut__M4nS_thin_nut,Medium,nut,A thin hex nut for 4.0mm screws; 7.0mm across flats; and 2.2mm thick,0.195891,0.256481,0.261479,0.232345
nut__M5_nut,Medium,nut,A hex nut for 5.0mm screws; 9.2mm across flats; and 4.0mm thick,0.256560,0.188617,0.261176,0.229027
nut__M5_sliding_t_nut,Medium,nut,A T-slot nut for 5.0mm screws; 6.0mm across flats; and 3.7mm thick,0.206836,0.160520,0.187867,0.215283
nut__M5nS_thin_nut,Medium,nut,A thin hex nut for 5.0mm screws; 8.0mm across flats; and 2.7mm thick,0.255747,0.236058,0.262720,0.238431
nut__M6_half_nut,Medium,nut,A hex nut for 6.0mm screws; 11.5mm across flats; and 3.0mm thick,0.245996,0.251837,0.276423,0.270465
nut__M6_nut,Medium,nut,A hex nut for 6.0mm screws; 11.5mm across flats; and 5.0mm thick,0.197596,0.189170,0.266762,0.228412
nut__M6_sliding_t_nut,Medium,nut,A T-slot nut for 6.0mm screws; 8.0mm across flats; and 6.6mm thick,0.204229,0.203385,0.195942,0.213525
nut__M6_weld_nut,Medium,nut,A hex nut for 6.0mm screws; 7.7mm across flats; and 7.9mm thick,0.192997,0.195939,0.210482,0.206924
nut__M6nS_thin_nut,Medium,nut,A thin hex nut for 6.0mm screws; 10.0mm across flats; and 3.2mm thick,0.255929,0.197146,0.270548,0.245353
nut__M8_nut,Medium,nut,A hex nut for 8.0mm screws; 15.0mm across flats; and 6.5mm thick,0.247019,0.261389,0.265906,0.227431
nut__M8nS_thin_nut,Medium,nut,A thin hex nut for 8.0mm screws; 13.0mm across flats; and 4.0mm thick,0.250239,0.196962,0.269578,0.250093
panel_meter__DSN_VC288,Complex,panel_meter,A panel meter: DSN- DC 100V 10A Voltmeter ammeter,0.158251,0.118211,0.171248,0.135598
panel_meter__DSP5005,Complex,panel_meter,A panel meter: Ruideng Power supply module,0.179783,0.192900,0.159260,0.195309
panel_meter__PZEM001,Complex,panel_meter,A panel meter: Peacefair PZEM-001 AC digital multi-function meter,0.155730,0.152760,0.150521,0.177242
panel_meter__PZEM021,Complex,panel_meter,A panel meter: Peacefair PZEM-021 AC digital multi-function meter,0.164561,0.170235,0.158949,0.170153
pcb__ArduinoLeonardo,Complex,pcb,A microcontroller development board; 68.58mm x 53.34mm; 1.6mm thick,0.233472,0.192243,0.192243,0.210649
pcb__ArduinoUno3,Complex,pcb,A microcontroller development board; 68.58mm x 53.34mm; 1.6mm thick,0.243349,0.192243,0.192243,0.205792
pcb__BTT_RELAY_V1_2,Complex,pcb,A 3D printer mainboard; 80.4mm x 36.3mm; 1.5mm thick,0.214170,0.199039,0.199039,0.207894
pcb__BTT_SKR_E3_TURBO,Complex,pcb,A 3D printer mainboard; 102.0mm x 90.25mm; 1.6mm thick,0.227885,0.186759,0.189109,0.203240
pcb__BTT_SKR_MINI_E3_V2_0,Complex,pcb,A 3D printer mainboard; 100.75mm x 70.25mm; 1.6mm thick,0.239732,0.197046,0.197046,0.199446
pcb__BTT_SKR_V1_4_TURBO,Complex,pcb,A 3D printer mainboard; 110.0mm x 85.0mm; 1.6mm thick,0.229193,0.193143,0.193143,0.195288
pcb__Duex2,Complex,pcb,A 3D printer control board; 123.0mm x 100.0mm; 1.6mm thick,0.233727,0.188637,0.188637,0.247271
pcb__Duex5,Complex,pcb,A 3D printer control board; 123.0mm x 100.0mm; 1.6mm thick,0.239097,0.188637,0.188637,0.248226
pcb__ESP_01,Complex,pcb,A printed circuit board; 24.8mm x 14.6mm; 1.0mm thick,0.221600,0.186614,0.186614,0.252940
pcb__ESP_01M,Complex,pcb,A printed circuit board; 18.0mm x 18.0mm; 0.8mm thick,0.211252,0.185749,0.185749,0.196543
pcb__EnviroPlus,Complex,pcb,A environmental sensor board; 65.0mm x 30.6mm; 1.6mm thick,0.247190,0.221404,0.221404,0.245797
pcb__Ethernet,Complex,pcb,A 3D printer control board; 33.8mm x 37.5mm; 1.6mm thick,0.130971,0.181963,0.181948,0.218026
pcb__HW803_1WAY_RELAY,Complex,pcb,A relay module; 50.0mm x 26.0mm; 1.6mm thick,0.217546,0.185838,0.236110,0.238859
pcb__KY_040,Complex,pcb,A rotary encoder breakout board; 26.3mm x 19.5mm; 1.6mm thick,0.231669,0.149441,0.194921,0.247797
pcb__Keyes5p1,Complex,pcb,A microcontroller development board; 68.58mm x 53.34mm; 1.6mm thick,0.238116,0.192243,0.192232,0.237968
pcb__Melzi,Complex,pcb,A 3D printer control board; 203.2mm x 49.53mm; 1.6mm thick,0.243979,0.178815,0.178815,0.210208
pcb__PI_IO,Complex,pcb,A printed circuit board; 35.56mm x 25.4mm; 1.6mm thick,0.221868,0.181666,0.181666,0.220089
pcb__PSU12V1A,Complex,pcb,A power supply board; 67.0mm x 31.0mm; 1.7mm thick,0.231647,0.213040,0.202684,0.222143
pcb__RAMPSEndstop,Complex,pcb,A printed circuit board; 40.0mm x 16.0mm; 1.6mm thick,0.226565,0.193044,0.193044,0.198683
pcb__RPI0,Complex,pcb,A single-board computer; 65.0mm x 30.0mm; 1.4mm thick,0.233827,0.230356,0.230356,0.225105
pcb__RPI3,Complex,pcb,A single-board computer; 85.0mm x 56.0mm; 1.4mm thick,0.224676,0.221978,0.221978,0.199657
pcb__RPI3A,Complex,pcb,A single-board computer; 65.0mm x 56.0mm; 1.4mm thick,0.210481,0.216305,0.216305,0.204137
pcb__RPI4,Complex,pcb,A single-board computer; 85.0mm x 56.0mm; 1.4mm thick,0.209348,0.221978,0.221978,0.199832
pcb__RPI_Pico,Complex,pcb,A single-board computer; 51.0mm x 21.0mm; 1.6mm thick,0.185664,0.221228,0.221228,0.222811
pcb__TMC2130,Complex,pcb,A stepper motor driver board; 20.0mm x 14.0mm; 1.6mm thick,0.233671,0.157549,0.242905,0.240488
pcb__TP4056,Complex,pcb,A battery charger module; 26.2mm x 17.5mm; 1.0mm thick,0.230163,0.173235,0.216121,0.225025
pcb__WD2002SJ,Complex,pcb,A DC-DC power converter module; 78.0mm x 47.0mm; 1.6mm thick,0.198673,0.174009,0.157848,0.203550
pcb__XIAO,Complex,pcb,A printed circuit board; 21.0mm x 18.0mm; 1.2mm thick,0.218043,0.176408,0.176408,0.226676
pcb__ZC_A0591,Complex,pcb,A motor driver module; 35.0mm x 32.0mm; 1.6mm thick,0.176148,0.156321,0.244965,0.225742
photo_interrupter__PH1,Simple,photo_interrupter,A photo interrupter,0.137422,0.131581,0.121715,0.108484
pillar__M2x16_brass_pillar,Medium,pillar,A standoff pillar; 2.0mm thread; 16.0mm long; 3.17mm diameter,0.234130,0.244032,0.244032,0.282857
pillar__M3x10_nylon_hex_pillar,Medium,pillar,A standoff pillar; 3.0mm thread; 10.0mm long; Nonemm diameter,0.211886,0.227638,0.237279,0.253417
pillar__M3x13_hex_pillar,Medium,pillar,A standoff pillar; 3.0mm thread; 13.0mm long; Nonemm diameter,0.213129,0.229027,0.231919,0.276656
pillar__M3x20_hex_pillar,Medium,pillar,A standoff pillar; 3.0mm thread; 20.0mm long; Nonemm diameter,0.236161,0.246726,0.234978,0.286317
pillar__M3x20_nylon_hex_pillar,Medium,pillar,A standoff pillar; 3.0mm thread; 20.0mm long; Nonemm diameter,0.237056,0.246726,0.234978,0.255588
pillar__M3x20_nylon_pillar,Medium,pillar,A standoff pillar; 3.0mm thread; 20.0mm long; 8.0mm diameter,0.244453,0.251742,0.251742,0.272946
pillar__M3x6_hex_pillar,Medium,pillar,A standoff pillar; 3.0mm thread; 6.0mm long; Nonemm diameter,0.205077,0.225471,0.246130,0.255851
pillar__M4x17_nylon_pillar,Medium,pillar,A standoff pillar; 4.0mm thread; 20.0mm long; 8.0mm diameter,0.239243,0.250509,0.250507,0.272264
pillow_block__KP000,Medium,pillow_block,A pillow block bearing for 10.0mm shaft; 67.0mm x 53.0mm base,0.229587,0.255192,0.231977,0.279630
pillow_block__KP001,Medium,pillow_block,A pillow block bearing for 12.0mm shaft; 71.0mm x 56.0mm base,0.232264,0.209872,0.261504,0.281606
pillow_block__KP08_15,Medium,pillow_block,A pillow block bearing for 8.0mm shaft; 55.0mm x 42.0mm base,0.220512,0.239735,0.265524,0.279921
pillow_block__KP08_18,Medium,pillow_block,A pillow block bearing for 8.0mm shaft; 55.0mm x 42.0mm base,0.227579,0.216019,0.261584,0.280008
potentiometer__BTT_encoder,Complex,potentiometer,A potentiometer: [12; 11; 6; 0.5],0.222703,0.213750,0.251350,0.213793
potentiometer__KY_040_encoder,Complex,potentiometer,A potentiometer: [12; 12; 6.5; 1.0],0.210657,0.216885,0.231272,0.209836
pulley__GT2x12_pulley,Complex,pulley,A timing pulley with 12 teeth and 7.15mm pitch diameter,0.208111,0.182814,0.243127,0.267427
pulley__GT2x16_plain_idler,Complex,pulley,A pulley,0.212493,0.215223,0.226619,0.239838
pulley__GT2x16_pulley,Complex,pulley,A timing pulley with 16 teeth and 9.75mm pitch diameter,0.161218,0.222579,0.175765,0.251710
pulley__GT2x16_pulley_9,Complex,pulley,A timing pulley with 16 teeth and 9.65mm pitch diameter,0.205168,0.207041,0.187631,0.259845
pulley__GT2x16_toothed_idler,Complex,pulley,A timing pulley with 16 teeth and 9.75mm pitch diameter,0.212558,0.180492,0.183363,0.273769
pulley__GT2x16_toothed_idler_9,Complex,pulley,A timing pulley with 16 teeth and 9.75mm pitch diameter,0.227121,0.210128,0.258017,0.252228
pulley__GT2x16x7_plain_idler,Complex,pulley,A pulley,0.222016,0.215900,0.196282,0.239151
pulley__GT2x20_plain_idler,Complex,pulley,A pulley,0.170137,0.217548,0.228353,0.243225
pulley__GT2x20_pulley_9,Complex,pulley,A timing pulley with 20 teeth and 12.22mm pitch diameter,0.256306,0.219963,0.184184,0.261340
pulley__GT2x20_toothed_idler,Complex,pulley,A timing pulley with 20 teeth and 12.22mm pitch diameter,0.200287,0.186321,0.204595,0.288786
pulley__GT2x20_toothed_idler_9,Complex,pulley,A timing pulley with 20 teeth and 12.22mm pitch diameter,0.219256,0.186321,0.179721,0.260725
pulley__GT2x20ob_pulley,Complex,pulley,A timing pulley with 20 teeth and 12.22mm pitch diameter,0.206486,0.186328,0.184382,0.263496
pulley__GT2x20um_pulley,Complex,pulley,A timing pulley with 20 teeth and 12.22mm pitch diameter,0.247359,0.186321,0.184437,0.281569
pulley__GT2x80_pulley,Complex,pulley,A timing pulley with 80 teeth and 50.42mm pitch diameter,0.268697,0.209496,0.297338,0.285908
pulley__T2p5x16_pulley,Complex,pulley,A timing pulley with 16 teeth and 12.16mm pitch diameter,0.231656,0.197849,0.176661,0.258978
pulley__T5x10_pulley,Complex,pulley,A timing pulley with 10 teeth and 15.0mm pitch diameter,0.246798,0.203675,0.210186,0.257909
radial__ACT1100,Medium,radial,A radial: [20.4; 10.8; 5.3; 1],0.218952,0.177899,0.205759,0.163696
radial__ACT1700,Medium,radial,A radial: [10.8; 10.8; 5.3; 1],0.202687,0.226338,0.186046,0.175070
radial__ATX_CM_CHOKE,Medium,radial,A radial: [17.4; 11.4; 9; 0.5],0.197374,0.212846,0.193856,0.157906
radial__C_002RX,Medium,radial,A radial: [ 2.0; 0; 6],0.220449,0.218510,0.219275,0.207986
radial__HC49,Medium,radial,A radial: [10.5; 3.7; 13.5],0.205230,0.181782,0.212048,0.175076
radial__HC49_4H,Medium,radial,A radial: [10.5; 3.7; 3.5],0.200913,0.219766,0.200846,0.163847
rail__HGH15CA,Simple,rail,A miniature linear guide rail; 15.0mm wide; 15.0mm tall; 100mm long,0.214142,0.211473,0.226343,0.257746
rail__HGH20CA,Simple,rail,A miniature linear guide rail; 20.0mm wide; 17.5mm tall; 100mm long,0.243877,0.190374,0.209096,0.246333
rail__MGN12,Simple,rail,A miniature linear guide rail; 12.0mm wide; 8.0mm tall; 100mm long,0.278356,0.219708,0.248344,0.248319
rail__MGN15,Simple,rail,A miniature linear guide rail; 15.0mm wide; 10.0mm tall; 100mm long,0.208414,0.203057,0.245945,0.263440
rail__MGN5,Simple,rail,A miniature linear guide rail; 5.0mm wide; 3.6mm tall; 100mm long,0.250877,0.223189,0.215937,0.255287
rail__MGN7,Simple,rail,A miniature linear guide rail; 7.0mm wide; 5.0mm tall; 100mm long,0.236768,0.217443,0.214504,0.262472
rail__MGN9,Simple,rail,A miniature linear guide rail; 9.0mm wide; 6.0mm tall; 100mm long,0.248594,0.206244,0.216588,0.258677
rail__SSR15,Simple,rail,A miniature linear guide rail; 15.0mm wide; 12.5mm tall; 100mm long,0.286609,0.227681,0.253198,0.257902
ring_terminal__M3_ringterm,Complex,ring_terminal,A ring terminal,0.189058,0.221218,0.193354,0.209009
ring_terminal__M3_ringterm_crimp,Complex,ring_terminal,A ring terminal,0.207453,0.201251,0.209331,0.218045
ring_terminal__M3_ringterm_cs,Complex,ring_terminal,A ring terminal,0.193748,0.201671,0.177634,0.209009
rod_end__RE_m5_bearing,Complex,rod_end,A rod end: uxcell M5x0.8 Right Hand Thread; Self-Lubricating Joint Rod Ends,0.209530,0.177942,0.221877,0.214720
screw__M2_cap_screw,Complex,screw,A socket head cap screw with 2.0mm diameter and 3.8mm head diameter; head height 2.0mm; 10mm long,0.235455,0.254689,0.240486,0.277026
screw__M2_cs_cap_screw,Complex,screw,A socket head cap screw with 2.0mm diameter and 3.8mm head diameter; 10mm long,0.294158,,0.267234,0.272878
screw__M2_dome_screw,Complex,screw,A dome head screw with 2.0mm diameter and 3.5mm head diameter; head height 1.3mm; 10mm long,0.267180,0.205920,0.221438,0.236388
screw__M2p5_cap_screw,Complex,screw,A socket head cap screw with 2.5mm diameter and 4.5mm head diameter; head height 2.5mm; 10mm long,0.285711,0.253221,0.259531,0.269937
screw__M2p5_dome_screw,Complex,screw,A dome head screw with 2.5mm diameter and 5.35mm head diameter; head height 1.6mm; 10mm long,0.269848,0.193276,0.228763,0.251678
screw__M2p5_pan_screw,Complex,screw,A pan head screw with 2.5mm diameter and 4.7mm head diameter; head height 1.7mm; 10mm long,0.287697,0.234817,0.237737,0.222739
screw__M3_cap_screw,Complex,screw,A socket head cap screw with 3.0mm diameter and 5.5mm head diameter; head height 3.0mm; 10mm long,0.249072,0.244821,0.246878,0.273513
screw__M3_cs_cap_screw,Complex,screw,A socket head cap screw with 3.0mm diameter and 6.0mm head diameter; 10mm long,0.265024,0.264534,0.267452,0.286384
screw__M3_dome_screw,Complex,screw,A dome head screw with 3.0mm diameter and 5.7mm head diameter; head height 1.65mm; 10mm long,0.248438,0.186611,0.217716,0.246431
screw__M3_grub_screw,Complex,screw,A screw: M3 grub,0.205697,0.201685,0.211280,0.207463
screw__M3_hex_screw,Complex,screw,A hex head screw with 3.0mm diameter and 6.4mm head diameter; head height 2.125mm; 10mm long,0.223041,0.237302,0.226486,0.233007
screw__M3_low_cap_screw,Complex,screw,A socket head cap screw with 3.0mm diameter and 5.5mm head diameter; head height 2.0mm; 10mm long,0.256546,0.251507,0.260029,0.271501
screw__M3_pan_screw,Complex,screw,A pan head screw with 3.0mm diameter and 5.4mm head diameter; head height 2.0mm; 10mm long,0.236114,0.236375,0.229020,0.218229
screw__M3_shoulder_screw,Complex,screw,A screw with 4.0mm diameter and 7.0mm head diameter; head height 2.4mm; 10mm long,0.292068,0.258257,0.253825,0.275429
screw__M4_cap_screw,Complex,screw,A socket head cap screw with 4.0mm diameter and 7.0mm head diameter; head height 4.0mm; 10mm long,0.242190,0.249908,0.244524,0.265246
screw__M4_cs_cap_screw,Complex,screw,A socket head cap screw with 4.0mm diameter and 8.0mm head diameter; 10mm long,0.292677,0.268554,0.273386,0.285283
screw__M4_dome_screw,Complex,screw,A dome head screw with 4.0mm diameter and 7.6mm head diameter; head height 2.2mm; 10mm long,0.276750,0.234032,0.227811,0.249073
screw__M4_grub_screw,Complex,screw,A screw: M4 grub,0.237491,0.197138,0.203747,0.213982
screw__M4_hex_screw,Complex,screw,A hex head screw with 4.0mm diameter and 8.1mm head diameter; head height 2.925mm; 10mm long,0.220392,0.226933,0.224800,0.232186
screw__M4_pan_screw,Complex,screw,A pan head screw with 4.0mm diameter and 7.8mm head diameter; head height 3.3mm; 10mm long,0.261909,0.236378,0.216633,0.222829
screw__M4_shoulder_screw,Complex,screw,A screw with 5.0mm diameter and 9.0mm head diameter; head height 2.4mm; 10mm long,0.267514,0.257710,0.257710,0.277999
screw__M5_cap_screw,Complex,screw,A socket head cap screw with 5.0mm diameter and 8.5mm head diameter; head height 5.0mm; 10mm long,0.257754,0.241327,0.251615,0.259141
screw__M5_cs_cap_screw,Complex,screw,A socket head cap screw with 5.0mm diameter and 10.0mm head diameter; 10mm long,0.294894,0.265146,0.272506,0.279982
screw__M5_dome_screw,Complex,screw,A dome head screw with 5.0mm diameter and 9.5mm head diameter; head height 2.75mm; 10mm long,0.255493,0.212482,0.223560,0.239101
screw__M5_grub_screw,Complex,screw,A screw: M5 grub,0.205619,0.197347,0.213299,0.214193
screw__M5_hex_screw,Complex,screw,A hex head screw with 5.0mm diameter and 9.2mm head diameter; head height 3.65mm; 10mm long,0.263633,0.219813,0.219541,0.232384
screw__M5_pan_screw,Complex,screw,A pan head screw with 5.0mm diameter and 10.0mm head diameter; head height 3.95mm; 10mm long,0.264440,0.228010,0.230173,0.220815
screw__M6_cap_screw,Complex,screw,A socket head cap screw with 6.0mm diameter and 10.0mm head diameter; head height 6.0mm; 10mm long,0.265585,0.243641,0.251302,0.268469
screw__M6_cs_cap_screw,Complex,screw,A socket head cap screw with 6.0mm diameter and 12.0mm head diameter; 10mm long,0.262568,0.252606,0.245011,0.275983
screw__M6_dome_screw,Complex,screw,A dome head screw with 6.0mm diameter and 10.5mm head diameter; head height 3.3mm; 10mm long,0.274346,0.204344,0.216570,0.238756
screw__M6_grub_screw,Complex,screw,A screw: M6 grub,0.193624,0.201004,0.187797,0.204566
screw__M6_hex_screw,Complex,screw,A hex head screw with 6.0mm diameter and 11.5mm head diameter; head height 4.15mm; 10mm long,0.263935,0.221422,0.215524,0.226492
screw__M6_pan_screw,Complex,screw,A pan head screw with 6.0mm diameter and 12.0mm head diameter; head height 4.75mm; 10mm long,0.221885,0.224159,0.225767,0.223271
screw__M8_cap_screw,Complex,screw,A socket head cap screw with 8.0mm diameter and 13.0mm head diameter; head height 8.0mm; 10mm long,0.268436,0.239963,0.224226,0.265197
screw__M8_cs_cap_screw,Complex,screw,A socket head cap screw with 8.0mm diameter and 16.0mm head diameter; 10mm long,0.261622,0.253008,0.238698,0.273537
screw__M8_dome_screw,Complex,screw,A dome head screw with 8.0mm diameter and 14.0mm head diameter; head height 4.4mm; 10mm long,0.244253,0.179158,0.187674,0.235909
screw__M8_hex_screw,Complex,screw,A hex head screw with 8.0mm diameter and 15.0mm head diameter; head height 5.65mm; 10mm long,0.241327,0.211253,0.205401,0.219903
screw__No2_screw,Complex,screw,A pan head screw with 2.2mm diameter and 4.2mm head diameter; head height 1.7mm; 10mm long,0.225653,0.237024,0.234651,0.215027
screw__No4_screw,Complex,screw,A pan head screw with 3.0mm diameter and 5.5mm head diameter; head height 2.0mm; 10mm long,0.230508,0.235083,0.218671,0.216033
screw__No632_pan_screw,Complex,screw,A pan head screw with 3.5mm diameter and 6.9mm head diameter; head height 2.5mm; 10mm long,0.262397,0.237024,0.239685,0.214471
screw__No6_cs_screw,Complex,screw,A screw with 3.5mm diameter and 7.0mm head diameter; 10mm long,0.282638,0.252695,0.262273,0.279135
screw__No6_screw,Complex,screw,A pan head screw with 3.5mm diameter and 6.7mm head diameter; head height 2.2mm; 10mm long,0.267641,0.241236,0.242024,0.215509
screw__No8_screw,Complex,screw,A pan head screw with 4.2mm diameter and 8.2mm head diameter; head height 3.05mm; 10mm long,0.273352,0.235891,0.212038,0.217522
servo_motor__Lichuan_M01330_80ST,Medium,servo_motor,A servo motor: Lichuan -80M01330B,0.213134,0.150318,0.220660,0.247005
servo_motor__Lichuan_M02430_80ST,Medium,servo_motor,A servo motor: Lichuan -80M02430B,0.213339,0.144126,0.210398,0.259655
servo_motor__Lichuan_M03530_80ST,Medium,servo_motor,A servo motor: Lichuan -80M03530B,0.216009,0.152960,0.163467,0.254468
servo_motor__Lichuan_M04030_80ST,Medium,servo_motor,A servo motor: Lichuan -80M04030B,0.185655,0.186437,0.197008,0.253843
shaft_coupling__SC_5x8_rigid,Medium,shaft_coupling,A rigid shaft coupling; 5.0mm to 8.0mm bore; 12.5mm outer diameter; 25.0mm long,0.261711,0.217750,0.272769,0.257360
shaft_coupling__SC_6x8_flex,Medium,shaft_coupling,A flexible shaft coupling; 6.0mm to 8.0mm bore; 19.0mm outer diameter; 25.0mm long,0.214259,0.208650,0.202526,0.253153
sheet__AL1_6,Simple,sheet,A sheet: Aluminium tooling plate,0.259916,0.226389,0.234034,0.166850
sheet__AL2,Simple,sheet,A sheet: Aluminium tooling plate,0.275796,0.228490,0.240155,0.162911
sheet__AL3,Simple,sheet,A sheet: Aluminium tooling plate,0.289441,0.226389,0.240155,0.163114
sheet__AL6,Simple,sheet,A sheet: Aluminium tooling plate,0.259892,0.228490,0.245298,0.166583
sheet__AL8,Simple,sheet,A sheet: Aluminium tooling plate,,0.228490,0.247140,0.167705
sheet__CF1,Simple,sheet,A sheet: Sheet carbon fiber,0.216326,0.202302,0.231861,0.179395
sheet__CF2,Simple,sheet,A sheet: Sheet carbon fiber,0.229205,0.202302,0.189919,0.162168
sheet__CF3,Simple,sheet,A sheet: Sheet carbon fiber,0.197287,0.202302,0.189919,0.168774
sheet__Cardboard,Simple,sheet,A sheet: Corrugated cardboard,0.241461,0.219048,0.185908,0.193186
sheet__DiBond,Simple,sheet,A sheet: Sheet DiBond,0.217018,0.223154,0.225944,0.199986
sheet__DiBond6,Simple,sheet,A sheet: Sheet DiBond,0.217582,0.223154,0.225944,0.199060
sheet__Foam20,Simple,sheet,A sheet: Foam sponge,0.157268,0.268098,0.220595,0.212254
sheet__FoilTape,Simple,sheet,A sheet: Aluminium foil tape,0.167114,0.192844,0.209273,0.185856
sheet__MDF10,Simple,sheet,A sheet,0.194748,0.223309,0.223309,0.194611
sheet__MDF12,Simple,sheet,A sheet,0.227992,0.223309,0.223309,0.193574
sheet__MDF18,Simple,sheet,A sheet: Sheet MDF,0.242025,0.246003,0.246162,0.204928
sheet__MDF19,Simple,sheet,A sheet,0.218293,0.223309,0.223309,0.193312
sheet__MDF22,Simple,sheet,A sheet: Sheet MDF,0.242491,0.246003,0.246162,0.202973
sheet__MDF3,Simple,sheet,A sheet: Sheet MDF,0.245171,0.246003,0.246162,0.202501
sheet__MDF6,Simple,sheet,A sheet,0.218293,0.223309,0.223309,0.195938
sheet__PMMA10,Simple,sheet,A sheet,0.204118,0.223309,0.223309,0.194611
sheet__PMMA1p25,Simple,sheet,A sheet: Sheet acrylic,0.239049,0.232755,0.233721,0.199909
sheet__PMMA2,Simple,sheet,A sheet: Sheet acrylic,0.237802,0.232755,0.233721,0.194083
sheet__PMMA3,Simple,sheet,A sheet,0.218066,0.223309,0.221035,0.191864
sheet__PMMA6,Simple,sheet,A sheet,0.218293,0.223309,0.223309,0.195938
sheet__PMMA8,Simple,sheet,A sheet: ~5/16",0.194787,0.212146,0.203001,0.168465
sheet__Sellotape,Simple,sheet,A sheet: Sellotape tape,0.197061,0.193377,0.218708,0.201748
sheet__Silicone3,Simple,sheet,A sheet: Sheet silicone,0.201076,0.241492,0.242922,0.194952
sheet__Spring08,Simple,sheet,A sheet: Bi-metal saw blade,0.168742,0.202716,0.197346,0.181132
sheet__Steel06,Simple,sheet,A sheet: Sheet mild steel,0.214043,0.192816,0.192971,0.183120
sk_bracket__SK10,Medium,sk_bracket,A shaft support bracket for 10.0mm rod; 20.0mm tall,0.224151,0.174670,0.208765,0.268623
sk_bracket__SK12,Medium,sk_bracket,A shaft support bracket for 12.0mm rod; 23.0mm tall,0.206753,0.216097,0.231921,0.273757
sk_bracket__SK16,Medium,sk_bracket,A shaft support bracket for 16.0mm rod; 27.0mm tall,0.176384,0.209138,0.207706,0.271468
sk_bracket__SK8,Medium,sk_bracket,A shaft support bracket for 8.0mm rod; 20.0mm tall,0.179741,0.181194,0.243464,0.269443
smd__SOIC14,Medium,smd,A smd: [8.70; 3.90; 1.25],0.156195,0.164041,0.164041,0.212219
smd__SOIC16,Medium,smd,A smd: [9.90; 3.90; 1.25],0.175444,0.170999,0.164499,0.216819
smd__SOIC18,Medium,smd,A smd: [11.40;7.50; 2.00],0.181907,0.175286,0.171983,0.207557
smd__SOIC8,Medium,smd,A smd: [4.90; 3.90; 1.25],0.174361,0.178453,0.174145,0.218108
smd__SOT223,Medium,smd,A smd: [6.5; 3.5; 1.6],0.176699,0.164256,0.149470,0.206310
smd__SOT23,Medium,smd,A smd: [3; 1.4; 1.0],0.191054,0.168528,0.168528,0.200777
smd__SOT23_6,Medium,smd,A smd: [3.0; 1.6; 1.05],0.173638,0.163239,0.178595,0.206558
smd__TSOT23_8,Medium,smd,A smd: [3.0; 1.8; 0.9 ],0.181178,0.178001,0.177138,0.213806
ssr__SSR10DA,Medium,ssr,A solid state relay module; 58.0mm x 45.0mm x 33.0mm,0.173639,0.150342,0.154040,0.177494
ssr__SSR25DA,Medium,ssr,A solid state relay module; 63.0mm x 45.0mm x 23.0mm,0.202774,0.159015,0.206387,0.177927
stepper_motor__NEMA14_36,Complex,stepper_motor,A stepper motor with 35.2mm face width and 36.0mm body length; 5.0mm diameter shaft; 26.0mm mounting hole spacing,0.245801,0.181819,0.234222,0.292558
stepper_motor__NEMA16_19,Complex,stepper_motor,A stepper motor with 39.5mm face width and 19.2mm body length; 5.0mm diameter shaft; 31.0mm mounting hole spacing,0.230544,0.189241,0.224823,0.297330
stepper_motor__NEMA17_27,Complex,stepper_motor,A stepper motor with 42.3mm face width and 26.5mm body length; 5.0mm diameter shaft; 31.0mm mounting hole spacing,0.206151,0.189019,0.222015,0.302460
stepper_motor__NEMA17_34,Complex,stepper_motor,A stepper motor with 42.3mm face width and 34.0mm body length; 5.0mm diameter shaft; 31.0mm mounting hole spacing,0.243571,0.163141,,0.297450
stepper_motor__NEMA17_40,Complex,stepper_motor,A stepper motor with 42.3mm face width and 40.0mm body length; 5.0mm diameter shaft; 31.0mm mounting hole spacing,0.225215,0.186755,0.209285,0.300842
stepper_motor__NEMA17_40L280,Complex,stepper_motor,A stepper motor with 42.3mm face width and 40.0mm body length; 8.0mm diameter shaft; 31.0mm mounting hole spacing,0.242671,0.148728,0.213947,0.211999
stepper_motor__NEMA17_47,Complex,stepper_motor,A stepper motor with 42.3mm face width and 47.0mm body length; 5.0mm diameter shaft; 31.0mm mounting hole spacing,0.211064,0.188441,0.224260,0.297023
stepper_motor__NEMA17_47L80,Complex,stepper_motor,A stepper motor with 42.3mm face width and 47.0mm body length; 5.0mm diameter shaft; 31.0mm mounting hole spacing,0.238383,0.188441,0.228585,0.267019
stepper_motor__NEMA23_51,Complex,stepper_motor,A stepper motor with 56.4mm face width and 51.2mm body length; 6.35mm diameter shaft; 47.1mm mounting hole spacing,0.209185,0.162429,0.217139,0.267600
stepper_motor__NEMA8_30,Complex,stepper_motor,A stepper motor with 20.0mm face width and 30.0mm body length; 4.0mm diameter shaft; 16.0mm mounting hole spacing,0.216330,0.204133,0.211002,0.279130
stepper_motor__NEMA8_30BH,Complex,stepper_motor,A stepper motor with 20.0mm face width and 30.0mm body length; 5.0mm diameter shaft; 16.0mm mounting hole spacing,0.182106,0.193852,0.215767,0.267720
swiss_clip__UKPFS1008_10,Medium,swiss_clip,A swiss clip,0.220050,0.205497,,0.239611
toggle__AP5236,Complex,toggle,A toggle switch; 7.0mm body diameter; 13.6mm tall,0.223827,0.202377,0.237726,0.295234
toggle__AP5236_pin,Complex,toggle,A toggle switch; 0.8mm body diameter; 4.7mm tall,0.233293,0.175514,0.223619,0.214305
toggle__CK7000_pin,Complex,toggle,A toggle switch; 0.76mm body diameter; 4.7mm tall,0.227752,0.232821,0.229806,0.216919
toggle__CK7000_tag,Complex,toggle,A toggle switch; 0.76mm body diameter; 4.7mm tall,0.219919,0.203093,0.224549,0.216919
toggle__CK7101,Complex,toggle,A toggle switch; 6.86mm body diameter; 12.7mm tall,0.223202,0.216039,0.225151,0.299193
toggle__CK7105,Complex,toggle,A toggle switch; 6.86mm body diameter; 12.7mm tall,0.233047,0.216039,0.229490,0.299207
toggle__MS332F,Complex,toggle,A toggle switch; 12.6mm body diameter; 13.1mm tall,0.177553,0.226460,0.229360,0.279399
toggle__MS332F_pin,Complex,toggle,A toggle switch; 1.0mm body diameter; 4.7mm tall,0.221088,0.181277,0.226656,0.215355
transformer__CCM300,Medium,transformer,A mains transformer; 120.0mm x 88.0mm x 120.0mm,0.188762,0.156344,0.192186,0.220065
transformer__SMALLTX,Medium,transformer,A mains transformer; 38.0mm x 32.0mm x 33.0mm,0.180385,0.160961,0.182150,0.209134
tubing__CARBONFIBER10,Medium,tubing,A tubing: Carbon fiber,0.228501,0.180550,0.240813,0.239698
tubing__HSHRNK100,Medium,tubing,A tubing: Heatshrink sleeving,0.202284,0.212832,0.198507,0.170780
tubing__HSHRNK16,Medium,tubing,A tubing: Heatshrink sleeving,0.208932,0.212832,0.199060,0.230345
tubing__HSHRNK24,Medium,tubing,A tubing: Heatshrink sleeving,0.190305,0.212832,0.211141,0.242993
tubing__HSHRNK32,Medium,tubing,A tubing: Heatshrink sleeving,0.200610,0.212832,0.204530,0.234790
tubing__HSHRNK64,Medium,tubing,A tubing: Heatshrink sleeving,0.217012,0.212832,0.202705,0.206803
tubing__NEOP85,Medium,tubing,A tubing: Neoprene tubing,0.238494,0.248512,0.226686,0.256824
tubing__PF7,Medium,tubing,A tubing: PTFE tubing,0.237617,0.217664,0.214540,0.247771
tubing__PTFE07,Medium,tubing,A tubing: PTFE sleeving,0.220396,0.206985,0.191300,0.216682
tubing__PTFE20,Medium,tubing,A tubing: PTFE sleeving,0.220396,0.206985,0.191300,0.233038
tubing__PTFE2_3,Medium,tubing,A tubing: PTFE tubing,0.238420,0.217664,0.218099,0.254024
tubing__PTFE2_4,Medium,tubing,A tubing: PTFE tubing,0.237617,0.191188,0.194976,0.249392
tubing__PTFE4_6,Medium,tubing,A tubing: PTFE tubing,0.237612,0.199140,0.218099,0.244299
tubing__PVC64,Medium,tubing,A tubing: PVC aquarium tubing,0.188952,0.246821,0.233964,0.231223
tubing__PVC85,Medium,tubing,A tubing: PVC aquarium tubing,0.228737,0.246512,0.179675,0.224758
tubing__STFE4_3p2_CLR,Medium,tubing,A tubing: PTFE heatshrink sleeving,0.235312,0.213239,0.179614,0.244122
tubing__STFE4_6p4_CLR,Medium,tubing,A tubing: PTFE heatshrink sleeving,0.228337,0.213239,0.198395,0.223901
variac__DURATRAKV5HM,Medium,variac,A variac: DURATRAK V5HM,0.163215,0.152152,0.182320,0.169499
variac__RAVISTAT1F1,Medium,variac,A variac: RAVISTAT 1F-1,0.165369,0.144527,0.156183,0.162202
washer__M2_washer,Simple,washer,A flat washer with 2.0mm inner hole; 5.0mm outer diameter; and 0.3mm thickness,0.267201,0.254438,0.257021,0.298826
washer__M2p5_washer,Simple,washer,A flat washer with 2.5mm inner hole; 5.9mm outer diameter; and 0.5mm thickness,0.264550,0.246976,0.246908,0.288785
washer__M3_penny_washer,Simple,washer,A penny washer with 3.0mm inner hole; 12.0mm outer diameter; and 0.8mm thickness,0.268379,0.265923,0.267705,0.281567
washer__M3_rubber_washer,Simple,washer,A rubber washer with 3.0mm inner hole; 10.0mm outer diameter; and 1.5mm thickness,0.285325,0.266248,0.271658,0.284795
washer__M3_washer,Simple,washer,A flat washer with 3.0mm inner hole; 7.0mm outer diameter; and 0.5mm thickness,0.267490,0.249800,0.252245,0.289450
washer__M3p5_washer,Simple,washer,A flat washer with 3.5mm inner hole; 8.0mm outer diameter; and 0.5mm thickness,0.263804,0.246495,0.245676,0.291745
washer__M4_penny_washer,Simple,washer,A penny washer with 4.0mm inner hole; 14.0mm outer diameter; and 0.8mm thickness,0.263739,0.265681,0.265235,0.287418
washer__M4_washer,Simple,washer,A flat washer with 4.0mm inner hole; 9.0mm outer diameter; and 0.8mm thickness,0.264467,0.246271,0.246833,0.292462
washer__M5_penny_washer,Simple,washer,A penny washer with 5.0mm inner hole; 20.0mm outer diameter; and 1.4mm thickness,0.270209,0.267700,0.269092,0.289380
washer__M5_washer,Simple,washer,A flat washer with 5.0mm inner hole; 10.0mm outer diameter; and 1.0mm thickness,0.255504,0.230976,0.230817,0.292267
washer__M6_penny_washer,Simple,washer,A penny washer with 6.0mm inner hole; 26.0mm outer diameter; and 1.5mm thickness,0.270091,0.274432,0.272455,0.292068
washer__M6_washer,Simple,washer,A flat washer with 6.0mm inner hole; 12.5mm outer diameter; and 1.5mm thickness,0.248178,0.221269,0.235198,0.275856
washer__M8_penny_washer,Simple,washer,A penny washer with 8.0mm inner hole; 30.0mm outer diameter; and 1.5mm thickness,0.269708,0.262444,0.264759,0.283789
washer__M8_washer,Simple,washer,A flat washer with 8.0mm inner hole; 17.0mm outer diameter; and 1.6mm thickness,0.262861,0.235613,0.238059,0.291616