prompt_id,tier,family,hd_cadence,hd95_cadence,hd_gpt4o,hd95_gpt4o,hd_gpt52,hd95_gpt52
7_segment__WT5011BSR,Simple,7_segment,0.222567,0.215975,0.257647,0.216285,0.217931,0.216282
antenna__ESP201_antenna,Simple,antenna,0.383406,0.293854,0.111681,0.028229,0.191250,0.127868
axial__DO_35,Medium,axial,0.497019,0.469481,0.414875,0.371238,0.294159,0.251954
axial__DO_41,Medium,axial,0.857799,0.757414,0.755742,0.716136,0.975438,0.892540
ball_bearing__BB608,Medium,ball_bearing,0.082097,0.043064,0.182861,0.162728,0.082554,0.046428
ball_bearing__BB6200,Medium,ball_bearing,0.076699,0.046609,0.168266,0.152241,0.164750,0.115424
ball_bearing__BB6201,Medium,ball_bearing,0.180678,0.030937,0.173033,0.158030,0.064661,0.035367
ball_bearing__BB624,Medium,ball_bearing,0.076696,0.047460,0.213072,0.194407,0.082249,0.047296
ball_bearing__BB6808,Medium,ball_bearing,0.038074,0.019330,0.077728,0.068982,0.036166,0.029901
ball_bearing__BB686,Medium,ball_bearing,0.074782,0.060594,0.212736,0.194103,0.073490,0.035970
ball_bearing__BB696,Medium,ball_bearing,0.071553,0.050292,0.174625,0.157797,0.059788,0.030582
ball_bearing__BBF623,Medium,ball_bearing,0.073875,0.048731,0.293308,0.266850,0.076390,0.065288
ball_bearing__BBF625,Medium,ball_bearing,0.073948,0.054157,0.238649,0.201935,0.072124,0.056967
ball_bearing__BBF693,Medium,ball_bearing,0.068984,0.044909,0.268239,0.218098,0.150200,0.078971
ball_bearing__BBF695,Medium,ball_bearing,0.160441,0.066744,0.265064,0.206568,0.079150,0.068158
ball_bearing__BBMR63,Medium,ball_bearing,0.196225,0.133480,0.218156,0.209099,0.099837,0.064580
ball_bearing__BBMR83,Medium,ball_bearing,0.069126,0.064226,0.216341,0.191826,0.088528,0.027892
ball_bearing__BBMR85,Medium,ball_bearing,0.067652,0.031398,0.165517,0.157077,0.069648,0.064002
ball_bearing__BBMR93,Medium,ball_bearing,0.110508,0.057596,0.251613,0.227281,0.082259,0.060243
ball_bearing__BBMR95,Medium,ball_bearing,0.065483,0.049218,0.182325,0.168216,0.062921,0.057236
ball_bearing__BBSMR95,Medium,ball_bearing,0.063220,0.056508,0.150457,0.140270,0.065699,0.041566
batterie__A23CELL,Medium,batterie,0.041932,0.032220,0.341033,0.333324,0.038267,0.026572
batterie__AAACELL,Medium,batterie,0.019634,0.012341,0.338781,0.333302,0.021111,0.013202
batterie__AACELL,Medium,batterie,0.018612,0.012525,0.340557,0.333359,0.024407,0.015998
batterie__CCELL,Medium,batterie,0.039833,0.030278,0.353646,0.336347,0.037049,0.030570
batterie__DCELL,Medium,batterie,0.048031,0.039126,0.359676,0.339995,0.045942,0.039522
batterie__LI16340,Medium,batterie,0.026066,0.018348,0.351199,0.334072,0.036819,0.027908
batterie__LI32700,Medium,batterie,0.028321,0.013038,0.333641,0.333346,0.023385,0.013048
batterie__LI4680,Medium,batterie,0.031637,0.020077,0.333764,0.333365,0.030218,0.015097
batterie__LUMINTOP,Medium,batterie,0.065262,0.013244,0.340992,0.333339,0.076107,0.014869
batterie__S25R18650,Medium,batterie,0.017151,0.009786,0.333491,0.333291,0.021369,0.010073
bearing_block__SCS10LUU,Complex,bearing_block,0.430072,0.394880,0.441371,0.393173,0.474984,0.428687
bearing_block__SCS10UU,Complex,bearing_block,0.427249,0.343884,0.427319,0.366678,0.396884,0.327068
bearing_block__SCS12LUU,Complex,bearing_block,0.424401,0.370679,0.433573,0.381591,0.411818,0.366125
bearing_block__SCS12UU,Complex,bearing_block,0.408708,0.337294,0.408743,0.350646,0.408739,0.341065
bearing_block__SCS16LUU,Complex,bearing_block,0.415726,0.363429,0.415764,0.364699,0.390976,0.355998
bearing_block__SCS16UU,Complex,bearing_block,0.386665,0.306095,0.386511,0.322647,0.374711,0.290959
bearing_block__SCS6UU,Complex,bearing_block,0.418119,0.346029,0.451189,0.386729,0.451058,0.376283
bearing_block__SCS8LUU,Complex,bearing_block,0.445501,0.397665,0.451225,0.403849,0.433769,0.389157
bearing_block__SCS8UU,Complex,bearing_block,0.446859,0.364010,0.446445,0.375009,0.422795,0.359814
bldc_motor__BLDC0603,Complex,bldc_motor,0.356027,0.224724,0.312972,0.179768,0.453649,0.225946
bldc_motor__BLDC0802,Complex,bldc_motor,0.357738,0.259869,0.415401,0.301854,0.505520,0.242286
bldc_motor__BLDC1105,Complex,bldc_motor,0.445323,0.327085,0.337299,0.294893,0.332521,0.253139
bldc_motor__BLDC1306,Complex,bldc_motor,0.390228,0.231484,0.475287,0.149723,0.273150,0.257122
bldc_motor__BLDC1804,Complex,bldc_motor,0.302692,0.240128,0.435486,0.097138,0.296570,0.255505
bldc_motor__BLDC2205,Complex,bldc_motor,0.351691,0.220309,0.508098,0.190673,0.291769,0.223012
bldc_motor__BLDC2212,Complex,bldc_motor,0.344069,0.237182,0.197213,0.079173,0.357517,0.223335
bldc_motor__BLDC3548,Complex,bldc_motor,0.368857,0.245863,0.433006,0.232140,0.296641,0.209833
bldc_motor__BLDC4250,Complex,bldc_motor,0.294637,0.261216,0.267826,0.074535,0.289389,0.224511
blower__BL30x10,Complex,blower,0.598157,0.407701,0.508470,0.394245,0.479038,0.367088
blower__BL40x10,Complex,blower,0.493602,0.352345,0.491443,0.404220,0.473023,0.375409
blower__PE4020,Complex,blower,0.496840,0.362032,0.501829,0.377585,0.483836,0.368041
blower__RB5015,Complex,blower,0.482024,0.339235,0.482831,0.348394,0.468961,0.344729
box_section__AL12x8x1,Simple,box_section,0.012688,0.008179,0.495003,0.448095,0.250206,0.203113
box_section__AL20x20x2,Simple,box_section,0.020845,0.011809,0.400452,0.356777,0.020845,0.011809
box_section__AL38p1x25p4x1p6,Simple,box_section,0.250593,0.202802,0.492019,0.448413,0.022336,0.014940
box_section__AL50p8x38p1x3,Simple,box_section,0.250281,0.206908,0.598066,0.478579,0.029905,0.017788
component__Epcos,Simple,component,0.946314,0.826486,0.918232,0.801231,0.560117,0.440333
component__EpcosBlue,Simple,component,0.628794,0.523247,0.552254,0.418250,0.554103,0.458071
component__Honewell,Simple,component,0.487089,0.359997,0.338584,0.237825,0.476184,0.349094
component__RIE1212UB5C5R6,Simple,component,0.470177,0.369089,0.500004,0.340989,0.452463,0.376763
component__RWM04106R80J,Simple,component,0.466715,0.399056,0.263898,0.125544,0.660293,0.394432
component__TC,Medium,component,0.558384,0.493581,0.266120,0.231545,0.537192,0.472609
component__THS10,Medium,component,0.660606,0.553400,0.380513,0.304801,0.501141,0.439678
component__THS15,Medium,component,0.502757,0.405937,0.331763,0.304190,0.489781,0.398174
component__THS25,Medium,component,0.582072,0.572551,0.406859,0.394551,0.508453,0.418131
component__THS50,Medium,component,0.520570,0.512924,0.452876,0.418252,0.365417,0.281687
d_connector__DCONN15,Complex,d_connector,0.665396,0.463294,0.293971,0.267652,0.231400,0.160518
d_connector__DCONN25,Complex,d_connector,,,0.386096,0.353720,0.250055,0.216772
d_connector__DCONN9,Complex,d_connector,0.433551,0.285983,0.323741,0.311560,0.295605,0.216529
display__BigTreeTech_TFT35v3_0,Medium,display,0.203075,0.118505,0.195977,0.107668,0.201347,0.129451
display__HDMI5,Medium,display,0.133075,0.037685,0.147476,0.041928,0.147330,0.041909
display__LCD1602A,Medium,display,0.183285,0.106753,0.100492,0.065588,0.194511,0.101167
display__LCD1602AI2C,Medium,display,0.165186,0.109450,0.100249,0.069760,0.185561,0.123058
display__LCD2004A,Medium,display,0.157773,0.117720,0.164424,0.105116,0.191464,0.125274
display__LCDS7282B,Medium,display,0.213853,0.111208,0.214827,0.124708,0.219582,0.117061
display__SSD1963_4p3,Medium,display,0.113095,0.041004,0.271795,0.236028,0.112665,0.041011
display__TFT128x160,Medium,display,0.201917,0.073163,0.191861,0.075696,0.204673,0.073810
extrusion__E1515,Simple,extrusion,0.037966,0.023262,0.064119,0.047723,0.110712,0.094888
extrusion__E2020,Simple,extrusion,0.023530,0.014377,0.097439,0.050986,0.061585,0.047303
extrusion__E2020t,Simple,extrusion,0.402222,0.390740,0.095840,0.051400,0.055544,0.044944
extrusion__E2040,Simple,extrusion,0.051286,0.040335,0.080352,0.059649,0.108351,0.100626
extrusion__E2060,Simple,extrusion,0.058478,0.027828,0.081248,0.060429,0.205177,0.200435
extrusion__E2080,Simple,extrusion,0.058398,0.035903,0.057291,0.031292,0.304224,0.300234
extrusion__E3030,Simple,extrusion,0.029494,0.020567,0.089420,0.058946,0.218483,0.186424
extrusion__E3060,Simple,extrusion,0.066818,0.044392,0.125418,0.091235,0.159635,0.150242
extrusion__E4040,Simple,extrusion,0.054208,0.025884,0.197029,0.099413,0.592919,0.482757
extrusion__E4040t,Simple,extrusion,0.046803,0.030344,0.143864,0.100704,0.441806,0.278211
extrusion__E4080,Simple,extrusion,0.094658,0.066247,0.160499,0.096231,0.213338,0.200650
extrusion__Makerbeam,Simple,extrusion,0.042029,0.035384,0.037108,0.026010,0.333702,0.308892
extrusion__MakerbeamXL,Simple,extrusion,0.023585,0.014916,0.066416,0.045879,0.110548,0.093859
extrusion_bracket__E20_corner_bracket,Medium,extrusion_bracket,0.378990,0.187765,0.334153,0.333368,0.524275,0.396246
extrusion_bracket__E20_inner_corner_bracket,Medium,extrusion_bracket,0.780018,0.671579,0.781110,0.673105,0.781124,0.673657
extrusion_bracket__E40_corner_bracket,Medium,extrusion_bracket,0.530273,0.454039,0.473799,0.340960,0.569932,0.480022
extrusion_bracket__E40_inner_corner_bracket,Medium,extrusion_bracket,0.631380,0.487550,0.711515,0.597368,0.711594,0.597884
gear_motor__FIT0492_A,Medium,gear_motor,0.292808,0.225654,0.665683,0.594233,0.577734,0.506243
hot_end__E3D_clone,Simple,hot_end,0.472636,0.444870,0.444426,0.400665,0.315523,0.215913
hot_end__E3Dv5,Simple,hot_end,0.298483,0.231081,0.410349,0.377322,0.486238,0.438560
hot_end__E3Dv6,Simple,hot_end,0.329871,0.227335,0.462060,0.389836,0.305384,0.237495
hot_end__JHeadMk5,Simple,hot_end,0.291573,0.239291,0.260913,0.203392,0.428180,0.374596
ht_pipe__HT_110_cap,Simple,ht_pipe,0.587866,0.496453,0.689442,0.627342,0.585580,0.527459
ht_pipe__HT_110_pipe_1000,Simple,ht_pipe,0.047292,0.006167,0.066444,0.008757,0.363552,0.310199
ht_pipe__HT_110_pipe_150,Simple,ht_pipe,0.320950,0.240703,0.321403,0.240671,0.493211,0.433127
ht_pipe__HT_110_pipe_1500,Simple,ht_pipe,0.353262,0.306269,0.045291,0.005455,0.353761,0.306251
ht_pipe__HT_110_pipe_2000,Simple,ht_pipe,0.022661,0.004153,0.034560,0.004428,0.348861,0.304222
ht_pipe__HT_110_pipe_250,Simple,ht_pipe,0.319940,0.271937,0.220951,0.139737,0.439517,0.377093
ht_pipe__HT_110_pipe_500,Simple,ht_pipe,0.125151,0.053047,0.124334,0.051995,0.391086,0.328763
ht_pipe__HT_125_cap,Simple,ht_pipe,0.399357,0.330726,0.614294,0.556878,0.515951,0.459770
ht_pipe__HT_125_pipe_1000,Simple,ht_pipe,0.057257,0.006660,0.067158,0.007466,0.363585,0.309832
ht_pipe__HT_125_pipe_150,Simple,ht_pipe,0.379438,0.319374,0.321915,0.242445,0.493439,0.434500
ht_pipe__HT_125_pipe_1500,Simple,ht_pipe,0.046976,0.005366,0.045358,0.005932,0.353966,0.305497
ht_pipe__HT_125_pipe_2000,Simple,ht_pipe,0.010175,0.004372,0.034410,0.004776,0.348974,0.304680
ht_pipe__HT_125_pipe_250,Simple,ht_pipe,0.224322,0.139804,0.221313,0.147375,0.439549,0.378731
ht_pipe__HT_125_pipe_500,Simple,ht_pipe,0.067389,0.009894,0.124399,0.057706,0.391236,0.327215
ht_pipe__HT_160_cap,Simple,ht_pipe,0.473810,0.294661,0.432259,0.386985,0.443110,0.273953
ht_pipe__HT_160_pipe_1000,Simple,ht_pipe,0.012867,0.007467,0.070811,0.017137,0.363661,0.310001
ht_pipe__HT_160_pipe_150,Simple,ht_pipe,0.321707,0.242238,0.346008,0.258989,0.493710,0.434189
ht_pipe__HT_160_pipe_1500,Simple,ht_pipe,0.047245,0.006015,0.047414,0.006956,0.353866,0.306437
ht_pipe__HT_160_pipe_2000,Simple,ht_pipe,0.329610,0.294855,0.037320,0.005506,0.348859,0.305370
ht_pipe__HT_160_pipe_250,Simple,ht_pipe,0.061140,0.017274,0.223139,0.134645,0.439797,0.377214
ht_pipe__HT_160_pipe_500,Simple,ht_pipe,0.017259,0.011071,0.134380,0.069157,0.391041,0.327850
ht_pipe__HT_32_cap,Simple,ht_pipe,0.187297,0.125703,0.867821,0.812470,0.686546,0.638346
ht_pipe__HT_32_pipe_1000,Simple,ht_pipe,0.006436,0.003342,0.039853,0.003655,0.351343,0.308598
ht_pipe__HT_32_pipe_150,Simple,ht_pipe,0.216612,0.143743,0.216538,0.143438,0.436969,0.383257
ht_pipe__HT_32_pipe_1500,Simple,ht_pipe,0.978524,0.884038,0.026979,0.002738,0.345378,0.305342
ht_pipe__HT_32_pipe_2000,Simple,ht_pipe,0.342491,0.302358,0.020431,0.002304,0.342479,0.302320
ht_pipe__HT_32_pipe_250,Simple,ht_pipe,0.142206,0.071937,0.142868,0.071995,0.399585,0.350466
ht_pipe__HT_32_pipe_500,Simple,ht_pipe,0.076787,0.006145,0.076747,0.009092,0.368183,0.314876
ht_pipe__HT_40_cap,Simple,ht_pipe,0.468831,0.416304,0.755910,0.690892,0.647600,0.593654
ht_pipe__HT_40_pipe_1000,Simple,ht_pipe,0.958328,0.895142,0.045856,0.004081,0.353910,0.309336
ht_pipe__HT_40_pipe_150,Simple,ht_pipe,0.390447,0.335512,0.241978,0.164871,0.450359,0.393154
ht_pipe__HT_40_pipe_1500,Simple,ht_pipe,0.972785,0.881013,0.030972,0.003078,0.347244,0.306000
ht_pipe__HT_40_pipe_2000,Simple,ht_pipe,0.980624,0.880045,0.023488,0.002584,0.343804,0.304043
ht_pipe__HT_40_pipe_250,Simple,ht_pipe,0.056353,0.009494,0.160694,0.087836,0.408816,0.357538
ht_pipe__HT_40_pipe_500,Simple,ht_pipe,0.927556,0.847495,0.087570,0.015072,0.373558,0.316343
ht_pipe__HT_50_40_tpipe,Simple,ht_pipe,0.351359,0.296866,0.514216,0.456542,0.380025,0.327448
ht_pipe__HT_50_cap,Simple,ht_pipe,0.397861,0.318007,0.777687,0.711857,0.492876,0.436677
ht_pipe__HT_50_pipe_1000,Simple,ht_pipe,0.013299,0.004038,0.053062,0.004617,0.357400,0.309209
ht_pipe__HT_50_pipe_150,Simple,ht_pipe,0.463419,0.407861,0.271368,0.196635,0.465878,0.410315
ht_pipe__HT_50_pipe_1500,Simple,ht_pipe,0.008596,0.003223,0.035947,0.003481,0.349560,0.305517
ht_pipe__HT_50_pipe_2000,Simple,ht_pipe,0.345533,0.304869,0.027235,0.002884,0.345557,0.304333
ht_pipe__HT_50_pipe_250,Simple,ht_pipe,0.183670,0.104668,0.182669,0.104390,0.419863,0.364353
ht_pipe__HT_50_pipe_500,Simple,ht_pipe,0.022013,0.006315,0.100656,0.023737,0.379503,0.320557
ht_pipe__HT_50_tpipe,Simple,ht_pipe,0.431251,0.350031,0.723604,0.659089,0.709642,0.631366
ht_pipe__HT_75_cap,Simple,ht_pipe,0.686375,0.625576,0.809558,0.738646,0.646510,0.587528
ht_pipe__HT_75_pipe_1000,Simple,ht_pipe,0.931659,0.857527,0.066263,0.006448,0.363596,0.309595
ht_pipe__HT_75_pipe_150,Simple,ht_pipe,0.212743,0.137469,0.321023,0.246071,0.493196,0.437175
ht_pipe__HT_75_pipe_1500,Simple,ht_pipe,0.023669,0.004074,0.045397,0.004385,0.354046,0.306873
ht_pipe__HT_75_pipe_2000,Simple,ht_pipe,0.961654,0.865635,0.034395,0.003645,0.348852,0.304759
ht_pipe__HT_75_pipe_250,Simple,ht_pipe,0.436949,0.380091,0.221545,0.141747,0.439458,0.382405
ht_pipe__HT_75_pipe_500,Simple,ht_pipe,0.873066,0.814183,0.124320,0.042583,0.391022,0.329345
ht_pipe__HT_90_cap,Simple,ht_pipe,0.446398,0.410896,0.732724,0.664707,0.521274,0.465094
ht_pipe__HT_90_pipe_1000,Simple,ht_pipe,0.916299,0.870971,0.062072,0.010976,0.363478,0.310883
ht_pipe__HT_90_pipe_150,Simple,ht_pipe,0.378626,0.321150,0.509453,0.392307,0.639337,0.525467
ht_pipe__HT_90_pipe_1500,Simple,ht_pipe,0.941170,0.872601,0.700177,0.584658,0.353841,0.306866
ht_pipe__HT_90_pipe_2000,Simple,ht_pipe,0.035621,0.004030,0.084455,0.026674,0.348923,0.306120
ht_pipe__HT_90_pipe_250,Simple,ht_pipe,0.719158,0.643573,0.221131,0.136942,0.557823,0.464800
ht_pipe__HT_90_pipe_500,Simple,ht_pipe,0.126055,0.039100,0.391565,0.330199,0.391120,0.330138
iec__IEC_320_C14_switched_fused_inlet,Complex,iec,0.377194,0.213863,0.441217,0.319871,0.265922,0.220942
iec__IEC_fused_inlet,Complex,iec,0.561593,0.391805,0.323402,0.136128,0.380225,0.245575
iec__IEC_fused_inlet2,Complex,iec,0.389393,0.263608,0.543342,0.255305,0.449643,0.340538
iec__IEC_inlet_atx,Complex,iec,0.399111,0.252358,0.373992,0.290827,0.469643,0.286671
iec__IEC_inlet_atx2,Complex,iec,0.530100,0.509096,0.514337,0.430294,0.544489,0.261243
iec__IEC_outlet,Complex,iec,0.555458,0.422978,0.633228,0.451025,0.240248,0.103545
iec__IEC_yunpen,Complex,iec,0.290408,0.207975,0.713924,0.577028,0.678452,0.528198
insert__CNCKM2p5,Simple,insert,0.368187,0.328431,0.534793,0.515151,0.365233,0.318419
insert__CNCKM3,Simple,insert,0.435857,0.348098,0.609116,0.571046,0.426176,0.337553
insert__CNCKM4,Simple,insert,0.444441,0.372815,,,0.428378,0.340264
insert__CNCKM5,Simple,insert,0.380945,0.267877,0.550639,0.508443,0.362350,0.305039
insert__F1BM2,Simple,insert,0.379065,0.335434,0.526127,0.492956,0.379633,0.335399
insert__F1BM2p5,Simple,insert,0.432583,0.376703,0.463734,0.407535,0.435526,0.378485
insert__F1BM3,Simple,insert,0.432351,0.364788,0.557627,0.505228,0.438324,0.368330
insert__F1BM4,Simple,insert,0.483453,0.412063,0.565511,0.517267,0.446199,0.383438
insert__M10x25,Simple,insert,0.460308,0.415820,0.511413,0.453658,0.497203,0.450207
insert__M12x30,Simple,insert,0.453070,0.407061,0.577121,0.542315,0.464093,0.419705
insert__M16x30,Simple,insert,0.427979,0.375000,0.446538,0.388691,0.412728,0.362546
insert__M3x8,Simple,insert,0.454751,0.405081,0.571539,0.532612,0.433021,0.360877
insert__M4x10,Simple,insert,0.429013,0.367698,0.555875,0.508175,0.429052,0.367598
insert__M5x12,Simple,insert,0.412147,0.365282,0.545537,0.509598,0.414773,0.366175
insert__M6x15,Simple,insert,0.429448,0.388609,0.555785,0.524391,0.429481,0.388619
insert__M8x18,Simple,insert,0.385096,0.347878,0.529695,0.501298,0.386526,0.348334
leadnut__LNHT8x2,Medium,leadnut,0.523044,0.491768,0.520503,0.492547,0.549769,0.491993
leadnut__LSN8x2,Medium,leadnut,0.339810,0.254379,0.318300,0.253664,0.318332,0.253856
leadnut__LSN8x8,Medium,leadnut,0.342747,0.254042,0.342654,0.250665,0.345758,0.249637
leadnut__SFU1610,Medium,leadnut,0.405547,0.305204,0.255080,0.212820,0.236587,0.209775
led__LED10mm,Medium,led,0.095204,0.062412,0.238401,0.118096,0.579699,0.217001
led__LED3mm,Medium,led,0.038092,0.021056,0.518315,0.293936,0.421917,0.253914
led__LED5mm,Medium,led,0.584719,0.391358,0.568118,0.211704,0.415643,0.154705
led__LED5x2mm,Medium,led,0.243381,0.159180,0.401402,0.208717,0.338251,0.113548
led__LED8mm,Medium,led,0.279985,0.048674,0.510722,0.244791,0.289516,0.049674
led__LEDs,Medium,led,0.507494,0.383412,0.471224,0.316974,0.454646,0.408357
light_strip__RIGID5050,Medium,light_strip,0.333407,0.279711,0.080303,0.065993,0.334679,0.284071
linear_bearing__LM10LUU,Medium,linear_bearing,0.022393,0.013212,0.334263,0.325554,0.022831,0.013212
linear_bearing__LM10UU,Medium,linear_bearing,0.075147,0.034944,0.336152,0.331438,0.035157,0.019811
linear_bearing__LM12LUU,Medium,linear_bearing,0.025409,0.014112,0.347173,0.321881,0.024689,0.013774
linear_bearing__LM12UU,Medium,linear_bearing,0.066031,0.045264,0.336068,0.330723,0.043811,0.028585
linear_bearing__LM16LUU,Medium,linear_bearing,0.047343,0.020834,0.334407,0.326515,0.026396,0.014342
linear_bearing__LM16UU,Medium,linear_bearing,0.082731,0.043120,0.335931,0.332010,0.077216,0.042079
linear_bearing__LM16UUOP,Medium,linear_bearing,0.260096,0.137092,0.374127,0.333340,0.270659,0.133850
linear_bearing__LM3LUU,Medium,linear_bearing,0.024389,0.014743,0.359528,0.319789,0.024810,0.014705
linear_bearing__LM3UU,Medium,linear_bearing,0.513673,0.203366,0.338600,0.333345,0.045748,0.026843
linear_bearing__LM4LUU,Medium,linear_bearing,0.473952,0.373304,0.356316,0.318089,0.022918,0.013611
linear_bearing__LM4UU,Medium,linear_bearing,0.033984,0.022645,0.336582,0.332410,0.039077,0.022804
linear_bearing__LM5LUU,Medium,linear_bearing,0.437038,0.085897,0.353630,0.317466,0.021798,0.013659
linear_bearing__LM5UU,Medium,linear_bearing,0.037855,0.022549,0.336625,0.332527,0.036167,0.021505
linear_bearing__LM6LUU,Medium,linear_bearing,0.023416,0.013292,0.350278,0.315071,0.027136,0.013195
linear_bearing__LM6UU,Medium,linear_bearing,0.079899,0.041689,0.367439,0.322311,0.036877,0.019398
linear_bearing__LM8LUU,Medium,linear_bearing,0.039714,0.018762,0.334674,0.325578,0.027012,0.013010
linear_bearing__LM8UU,Medium,linear_bearing,0.071793,0.037850,0.336024,0.330840,0.033880,0.019218
magnet__MAG484,Simple,magnet,0.371437,0.353131,0.426848,0.373870,0.392460,0.359619
magnet__MAG5x8,Simple,magnet,0.333408,0.317290,0.521106,0.494910,0.322341,0.309611
magnet__MAG8x4x4p2,Simple,magnet,0.265386,0.181420,0.262714,0.181762,0.392884,0.267033
magnet__MAGRE6x2p5,Simple,magnet,0.204818,0.203492,0.379111,0.360547,0.363708,0.350189
mains_socket__Contactum,Medium,mains_socket,0.474408,0.293654,0.188663,0.142207,0.190541,0.188317
mains_socket__MKLOGIC,Medium,mains_socket,0.074516,0.049037,0.125883,0.093680,0.207843,0.169248
mains_socket__PMS9143A,Medium,mains_socket,0.229121,0.226773,0.211128,0.189059,0.395699,0.380957
nut__M2_nut,Medium,nut,0.172064,0.152494,0.069780,0.065966,0.160398,0.142201
nut__M2p5_nut,Medium,nut,0.179592,0.164888,0.046404,0.039251,0.181072,0.164878
nut__M3_hammer_nut,Medium,nut,0.359352,0.286403,0.339668,0.236233,0.211961,0.199052
nut__M3_nut,Medium,nut,0.190331,0.163201,0.189109,0.187628,0.178453,0.163010
nut__M3_sliding_t_nut,Medium,nut,0.363970,0.301259,0.352975,0.252941,0.229500,0.217023
nut__M3nS_thin_nut,Medium,nut,0.239111,0.236402,0.125370,0.097675,0.158836,0.142612
nut__M4_hammer_nut,Medium,nut,0.327558,0.234771,0.373326,0.272062,0.405539,0.333585
nut__M4_nut,Medium,nut,0.221230,0.193472,0.338884,0.237220,0.185614,0.171642
nut__M4_sliding_t_nut,Medium,nut,0.442081,0.336456,0.396483,0.308952,0.275851,0.271550
nut__M4_weld_nut,Medium,nut,0.441809,0.389268,0.688885,0.595903,0.337389,0.329585
nut__M4_wingnut,Medium,nut,0.267793,0.231521,0.250275,0.167034,0.315900,0.258031
nut__M4nS_thin_nut,Medium,nut,0.155868,0.137678,0.037994,0.032626,0.154935,0.137127
nut__M5_nut,Medium,nut,0.227699,0.207398,0.508867,0.434866,0.202300,0.188845
nut__M5_sliding_t_nut,Medium,nut,0.696709,0.614995,0.393098,0.308872,0.280027,0.262642
nut__M5nS_thin_nut,Medium,nut,0.166999,0.147115,0.121438,0.118225,0.168229,0.147015
nut__M6_half_nut,Medium,nut,0.163465,0.143538,0.131629,0.130601,0.132887,0.114985
nut__M6_nut,Medium,nut,0.235615,0.211094,0.639552,0.600022,0.200949,0.188862
nut__M6_sliding_t_nut,Medium,nut,0.442241,0.360340,0.388297,0.333517,0.424598,0.359292
nut__M6_weld_nut,Medium,nut,0.339118,0.330697,0.042424,0.023247,0.339118,0.331034
nut__M6nS_thin_nut,Medium,nut,0.157213,0.139978,0.344089,0.192591,0.156462,0.139525
nut__M8_nut,Medium,nut,0.206900,0.188212,0.030147,0.016376,0.204323,0.188101
nut__M8nS_thin_nut,Medium,nut,0.151812,0.134169,0.431923,0.307925,0.151731,0.134171
panel_meter__DSN_VC288,Complex,panel_meter,0.309801,0.162261,0.295726,0.228089,0.284639,0.186332
panel_meter__DSP5005,Complex,panel_meter,0.216232,0.148557,0.227426,0.177581,,
panel_meter__PZEM001,Complex,panel_meter,0.363126,0.285432,0.271310,0.232268,0.199650,0.163274
panel_meter__PZEM021,Complex,panel_meter,0.306239,0.172230,0.270156,0.222742,0.322697,0.287219
pcb__ArduinoLeonardo,Complex,pcb,0.177904,0.057638,0.170006,0.102577,0.170006,0.102577
pcb__ArduinoUno3,Complex,pcb,0.171145,0.098560,0.180688,0.109304,0.180688,0.109304
pcb__BTT_RELAY_V1_2,Complex,pcb,0.136900,0.088076,0.206534,0.176012,0.206534,0.176012
pcb__BTT_SKR_E3_TURBO,Complex,pcb,0.155807,0.070175,0.175407,0.082784,0.175157,0.082908
pcb__BTT_SKR_MINI_E3_V2_0,Complex,pcb,0.177216,0.064523,0.177504,0.084066,0.177504,0.084066
pcb__BTT_SKR_V1_4_TURBO,Complex,pcb,0.215527,0.088971,0.222132,0.116496,0.214870,0.109224
pcb__Duex2,Complex,pcb,0.104542,0.048776,0.180910,0.058542,0.180910,0.058542
pcb__Duex5,Complex,pcb,0.170933,0.050450,0.174220,0.052783,0.180715,0.059190
pcb__ESP_01,Complex,pcb,0.318678,0.111175,0.318678,0.111175,0.318678,0.111175
pcb__ESP_01M,Complex,pcb,0.135392,0.133493,0.135392,0.133493,0.135392,0.133493
pcb__EnviroPlus,Complex,pcb,0.073752,0.047157,0.066425,0.043059,0.078449,0.055307
pcb__Ethernet,Complex,pcb,0.228995,0.169941,0.381916,0.309459,0.381916,0.309459
pcb__ExtruderPCB,,,,,,,,
pcb__HW803_1WAY_RELAY,Complex,pcb,0.126901,0.074654,0.326579,0.245544,0.145727,0.056323
pcb__KY_040,Complex,pcb,0.800100,0.458380,0.800792,0.458924,0.774289,0.432342
pcb__Keyes5p1,Complex,pcb,0.155548,0.061700,0.111115,0.024673,0.122752,0.029635
pcb__L9110S,,,,,,,,
pcb__LIPO_fuel_gauge,,,,,,,,
pcb__MELLOW_FLY_D5,,,,,,,,
pcb__MP1584EN,,,,,,,,
pcb__MT3608,,,,,,,,
pcb__Melzi,Complex,pcb,0.077211,0.032433,0.012423,0.007334,0.012423,0.007334
pcb__OPZ2,,,,,,,,
pcb__PERF80x20,,,,,,,,
pcb__PI_IO,Complex,pcb,0.255545,0.161763,0.256404,0.163291,0.256404,0.163291
pcb__PSU12V1A,Complex,pcb,0.100441,0.031136,0.029931,0.015435,0.031135,0.015362
pcb__RAMPSEndstop,Complex,pcb,0.172798,0.121898,0.172928,0.149592,0.152984,0.129727
pcb__RPI0,Complex,pcb,0.061251,0.039146,0.060769,0.032153,0.060769,0.032153
pcb__RPI3,Complex,pcb,0.126155,0.054744,0.198109,0.147710,0.198109,0.147710
pcb__RPI3A,Complex,pcb,0.170876,0.084291,0.136105,0.094067,0.136105,0.094067
pcb__RPI4,Complex,pcb,0.111633,0.053141,0.197606,0.150128,0.197606,0.150128
pcb__RPI_Pico,Complex,pcb,0.112897,0.032537,0.071014,0.024107,0.071014,0.024107
pcb__TMC2130,Complex,pcb,0.533924,0.343553,0.562255,0.467726,0.400287,0.225214
pcb__TP4056,Complex,pcb,0.079924,0.044300,0.122643,0.076249,0.117182,0.076508
pcb__WD2002SJ,Complex,pcb,0.138913,0.082715,0.157926,0.090351,0.158329,0.090348
pcb__XIAO,Complex,pcb,0.189138,0.132987,0.189682,0.133028,0.189682,0.133028
pcb__ZC_A0591,Complex,pcb,0.262984,0.186089,0.262862,0.186202,0.246257,0.131425
photo_interrupter__PH1,Simple,photo_interrupter,0.325926,0.232688,0.466090,0.369853,0.695806,0.514403
pillar__M2x16_brass_pillar,Medium,pillar,0.408203,0.296466,0.165012,0.031363,0.408723,0.296455
pillar__M3x10_nylon_hex_pillar,Medium,pillar,0.334080,0.291137,0.384074,0.180453,0.313081,0.278158
pillar__M3x13_hex_pillar,Medium,pillar,0.326617,0.130595,0.324614,0.130034,0.333677,0.289403
pillar__M3x20_hex_pillar,Medium,pillar,0.330664,0.274714,0.289738,0.097135,0.336456,0.281353
pillar__M3x20_nylon_hex_pillar,Medium,pillar,0.351682,0.318216,0.237032,0.098681,0.349138,0.316056
pillar__M3x20_nylon_pillar,Medium,pillar,0.334131,0.308494,0.237147,0.096198,0.333880,0.308463
pillar__M3x6_hex_pillar,Medium,pillar,0.269040,0.243588,0.514270,0.335394,0.274534,0.249519
pillar__M4x17_nylon_pillar,Medium,pillar,0.334457,0.303226,0.241520,0.077184,0.333670,0.302462
pillow_block__KP000,Medium,pillow_block,0.449912,0.350167,0.376495,0.312522,0.632075,0.495336
pillow_block__KP001,Medium,pillow_block,0.555717,0.391221,0.498609,0.430722,0.472879,0.358213
pillow_block__KP08_15,Medium,pillow_block,,,0.365368,0.221050,0.484695,0.377801
pillow_block__KP08_18,Medium,pillow_block,0.584756,0.335857,0.383881,0.321842,0.502979,0.404776
potentiometer__BTT_encoder,Complex,potentiometer,0.362097,0.263222,0.437684,0.375019,0.141441,0.132184
potentiometer__KY_040_encoder,Complex,potentiometer,0.632202,0.474795,0.734625,0.575827,0.557785,0.421060
pulley__GT2x12_pulley,Complex,pulley,0.474888,0.466778,0.492700,0.473693,0.567307,0.554774
pulley__GT2x16_plain_idler,Complex,pulley,0.453021,0.169150,0.395845,0.391730,0.393451,0.348324
pulley__GT2x16_pulley,Complex,pulley,0.331255,0.303640,0.428329,0.416690,0.474248,0.464497
pulley__GT2x16_pulley_9,Complex,pulley,0.472973,0.456143,0.471630,0.455687,0.500400,0.483527
pulley__GT2x16_toothed_idler,Complex,pulley,0.604490,0.479602,0.545557,0.540563,0.358984,0.357212
pulley__GT2x16_toothed_idler_9,Complex,pulley,0.369324,0.342987,0.459266,0.409125,0.350416,0.333677
pulley__GT2x16x7_plain_idler,Complex,pulley,0.414241,0.230147,0.449016,0.435669,0.421000,0.402396
pulley__GT2x20_plain_idler,Complex,pulley,0.507349,0.227827,0.354607,0.350095,0.392780,0.359639
pulley__GT2x20_pulley_9,Complex,pulley,0.138401,0.065833,0.504859,0.491338,0.600496,0.586593
pulley__GT2x20_toothed_idler,Complex,pulley,0.334676,0.333392,0.550886,0.499240,0.345931,0.344555
pulley__GT2x20_toothed_idler_9,Complex,pulley,0.465050,0.457575,0.467848,0.426230,0.341327,0.333624
pulley__GT2x20ob_pulley,Complex,pulley,,,0.412192,0.400129,0.500637,0.500007
pulley__GT2x20um_pulley,Complex,pulley,0.553045,0.523926,0.438418,0.423106,0.527126,0.523825
pulley__GT2x80_pulley,Complex,pulley,0.235959,0.193840,0.276286,0.156143,0.225771,0.218527
pulley__T2p5x16_pulley,Complex,pulley,0.394465,0.386343,0.424297,0.416346,0.447973,0.446557
pulley__T5x10_pulley,Complex,pulley,0.637318,0.629637,0.452408,0.444455,0.571979,0.571432
radial__ACT1100,Medium,radial,0.340689,0.237745,0.347818,0.243957,0.343237,0.254799
radial__ACT1700,Medium,radial,0.255033,0.223664,0.393699,0.336032,0.208877,0.207300
radial__ATX_CM_CHOKE,Medium,radial,0.346330,0.271598,0.353152,0.258955,0.279199,0.244353
radial__C_002RX,Medium,radial,0.485074,0.449164,0.333559,0.112060,0.300762,0.221309
radial__HC49,Medium,radial,0.576433,0.487095,0.465643,0.392294,0.504530,0.410003
radial__HC49_4H,Medium,radial,0.395500,0.341608,0.411758,0.350152,0.397673,0.347086
rail__HGH15CA,Simple,rail,0.432584,0.418559,0.091859,0.075279,0.088807,0.075845
rail__HGH20CA,Simple,rail,0.506111,0.417256,0.089989,0.087677,0.450185,0.401792
rail__MGN12,Simple,rail,0.046235,0.040458,0.042861,0.040251,0.442270,0.424783
rail__MGN15,Simple,rail,0.428703,0.419291,0.071808,0.055608,0.060244,0.050591
rail__MGN5,Simple,rail,0.480379,0.458740,0.018731,0.018094,0.479979,0.462826
rail__MGN7,Simple,rail,0.027940,0.025374,0.025891,0.025024,0.500110,0.450421
rail__MGN9,Simple,rail,0.456293,0.437294,0.033997,0.030309,0.035074,0.030409
rail__SSR15,Simple,rail,0.500164,0.426025,0.068244,0.062807,0.438833,0.419683
ring_terminal__M3_ringterm,Complex,ring_terminal,0.508320,0.402928,0.419653,0.351737,0.847893,0.815941
ring_terminal__M3_ringterm_crimp,Complex,ring_terminal,0.711649,0.654202,0.569007,0.386190,0.828088,0.802097
ring_terminal__M3_ringterm_cs,Complex,ring_terminal,0.634831,0.559640,0.560713,0.391999,0.741213,0.665555
rod_end__RE_m5_bearing,Complex,rod_end,0.668198,0.381006,0.518099,0.468744,0.335269,0.246134
screw__M2_cap_screw,Complex,screw,0.029238,0.009546,0.092594,0.011056,0.296926,0.294127
screw__M2_cs_cap_screw,Complex,screw,0.544461,0.540261,,,0.336085,0.333341
screw__M2_dome_screw,Complex,screw,0.069271,0.049533,0.141444,0.080811,0.333466,0.262573
screw__M2p5_cap_screw,Complex,screw,0.035628,0.010918,0.446578,0.444449,0.285904,0.285715
screw__M2p5_dome_screw,Complex,screw,0.046197,0.032454,0.474648,0.437214,0.338106,0.333377
screw__M2p5_pan_screw,Complex,screw,0.500225,0.433303,0.500058,0.433241,0.303560,0.299586
screw__M3_cap_screw,Complex,screw,0.434918,0.434785,0.032226,0.017022,0.278143,0.277785
screw__M3_cs_cap_screw,Complex,screw,0.230760,0.211988,0.566642,0.565221,0.444569,0.425045
screw__M3_dome_screw,Complex,screw,0.143604,0.062827,0.471832,0.440992,0.089764,0.027325
screw__M3_grub_screw,Complex,screw,0.540890,0.499817,0.625051,0.593671,0.625076,0.593671
screw__M3_hex_screw,Complex,screw,0.023376,0.017186,0.109347,0.080754,0.046486,0.036266
screw__M3_low_cap_screw,Complex,screw,0.029087,0.020951,0.456734,0.454554,0.294427,0.294127
screw__M3_pan_screw,Complex,screw,0.083683,0.030989,0.456955,0.454617,0.254592,0.250022
screw__M3_shoulder_screw,Complex,screw,0.666691,0.564499,0.617317,0.522688,0.600044,0.477411
screw__M4_cap_screw,Complex,screw,0.419232,0.419087,0.420542,0.416680,0.333674,0.232723
screw__M4_cs_cap_screw,Complex,screw,0.278487,0.277050,0.218240,0.160143,0.473819,0.473686
screw__M4_dome_screw,Complex,screw,0.050197,0.046173,0.197951,0.101875,0.299297,0.283094
screw__M4_grub_screw,Complex,screw,0.389267,0.361168,0.615473,0.584312,0.538551,0.507417
screw__M4_hex_screw,Complex,screw,0.089966,0.048769,0.436419,0.436219,0.333862,0.248563
screw__M4_pan_screw,Complex,screw,0.430433,0.412168,0.434539,0.429622,0.333796,0.224445
screw__M4_shoulder_screw,Complex,screw,0.604991,0.510176,0.666703,0.564321,0.600055,0.477189
screw__M5_cap_screw,Complex,screw,0.171309,0.138214,0.177191,0.103250,0.250912,0.250025
screw__M5_cs_cap_screw,Complex,screw,0.296857,0.295796,0.602481,0.600008,0.500342,0.500007
screw__M5_dome_screw,Complex,screw,0.117690,0.084176,0.500182,0.441895,0.333695,0.255827
screw__M5_grub_screw,Complex,screw,0.333722,0.333334,0.545582,0.534073,0.500144,0.500007
screw__M5_hex_screw,Complex,screw,0.423023,0.422851,0.423005,0.422852,0.271173,0.268177
screw__M5_pan_screw,Complex,screw,0.149561,0.101870,0.128218,0.070283,0.278866,0.265762
screw__M6_cap_screw,Complex,screw,0.055836,0.018761,0.395982,0.384647,0.238723,0.238122
screw__M6_cs_cap_screw,Complex,screw,0.369708,0.369241,0.443419,0.301491,0.523995,0.495359
screw__M6_dome_screw,Complex,screw,0.077793,0.058038,0.538237,0.476515,0.293560,0.273243
screw__M6_grub_screw,Complex,screw,0.375217,0.316509,0.483199,0.482759,0.406548,0.359908
screw__M6_hex_screw,Complex,screw,0.416355,0.414127,0.414388,0.414108,0.266569,0.261231
screw__M6_pan_screw,Complex,screw,0.184172,0.077117,0.413570,0.405181,0.083590,0.059985
screw__M8_cap_screw,Complex,screw,0.046019,0.028609,0.371543,0.357192,0.219413,0.217395
screw__M8_cs_cap_screw,Complex,screw,0.445157,0.444473,0.608256,0.600027,0.565542,0.565226
screw__M8_dome_screw,Complex,screw,0.311748,0.278335,0.475298,0.403513,0.208253,0.132803
screw__M8_hex_screw,Complex,screw,0.073104,0.059660,0.390894,0.389909,0.338449,0.333408
screw__No2_screw,Complex,screw,0.101258,0.089475,0.500001,0.416310,0.333320,0.221079
screw__No4_screw,Complex,screw,0.415879,0.268859,0.456997,0.454616,0.358946,0.319821
screw__No632_pan_screw,Complex,screw,0.109805,0.072831,0.447924,0.444702,0.293444,0.286441
screw__No6_cs_screw,Complex,screw,0.500925,0.500034,0.378270,0.375054,0.337285,0.333392
screw__No6_screw,Complex,screw,0.139850,0.104651,0.453312,0.450641,0.297304,0.291188
screw__No8_screw,Complex,screw,0.158981,0.116966,0.438632,0.434235,0.323244,0.143138
servo_motor__Lichuan_M01330_80ST,Medium,servo_motor,0.307138,0.219126,0.766880,0.723964,0.401521,0.375058
servo_motor__Lichuan_M02430_80ST,Medium,servo_motor,0.132995,0.079472,0.758179,0.697368,0.454550,0.408620
servo_motor__Lichuan_M03530_80ST,Medium,servo_motor,0.121833,0.082887,0.822824,0.754641,0.619072,0.555610
servo_motor__Lichuan_M04030_80ST,Medium,servo_motor,0.388452,0.332889,0.831418,0.754476,0.635503,0.561885
shaft_coupling__SC_5x8_rigid,Medium,shaft_coupling,0.076654,0.038185,0.153572,0.087217,0.076604,0.039183
shaft_coupling__SC_6x8_flex,Medium,shaft_coupling,0.133293,0.081684,0.334472,0.333380,0.132294,0.071438
sheet__AL1_6,Simple,sheet,0.588577,0.499912,0.693337,0.584683,0.617741,0.518422
sheet__AL2,Simple,sheet,0.596046,0.503341,0.692283,0.568231,0.606330,0.516070
sheet__AL3,Simple,sheet,0.583506,0.498485,0.693058,0.584511,0.607133,0.516625
sheet__AL6,Simple,sheet,0.592679,0.505597,0.699310,0.575148,0.583476,0.500881
sheet__AL8,Simple,sheet,0.583496,0.502367,0.699259,0.575096,0.583504,0.503919
sheet__CF1,Simple,sheet,,,0.692153,0.548694,0.699228,0.557867
sheet__CF2,Simple,sheet,0.584924,0.491963,0.692150,0.548671,0.700026,0.553635
sheet__CF3,Simple,sheet,0.601960,0.500579,0.692156,0.548682,0.700026,0.553631
sheet__Cardboard,Simple,sheet,0.586025,0.498289,0.552261,0.471743,0.564709,0.463709
sheet__DiBond,Simple,sheet,0.556005,0.473845,0.691771,0.560417,0.595878,0.491051
sheet__DiBond6,Simple,sheet,0.554070,0.474225,0.691806,0.560417,0.595882,0.491056
sheet__Foam20,Simple,sheet,0.614020,0.519691,0.692728,0.583893,,
sheet__FoilTape,Simple,sheet,0.893512,0.752916,0.690161,0.544520,0.541347,0.463810
sheet__MDF10,Simple,sheet,0.679262,0.557444,0.692163,0.548721,0.699228,0.555550
sheet__MDF12,Simple,sheet,0.699227,0.555557,0.692164,0.548722,0.699227,0.555557
sheet__MDF18,Simple,sheet,0.592052,0.504172,0.550791,0.473895,0.598192,0.493190
sheet__MDF19,Simple,sheet,0.699226,0.555558,0.692177,0.548724,0.699226,0.555558
sheet__MDF22,Simple,sheet,0.590908,0.502990,0.550749,0.473906,0.598191,0.493191
sheet__MDF3,Simple,sheet,0.593533,0.502988,0.550740,0.473891,0.598191,0.493199
sheet__MDF6,Simple,sheet,0.699225,0.555548,0.692181,0.548701,0.699225,0.555548
sheet__PMMA10,Simple,sheet,0.699228,0.555550,0.692163,0.548721,0.699228,0.555550
sheet__PMMA1p25,Simple,sheet,0.581501,0.491884,0.689673,0.555453,0.699229,0.557934
sheet__PMMA2,Simple,sheet,0.595508,0.491678,0.689651,0.555465,0.699223,0.557931
sheet__PMMA3,Simple,sheet,0.699220,0.555548,0.692156,0.548682,0.700028,0.553523
sheet__PMMA6,Simple,sheet,0.617470,0.504982,0.692181,0.548701,0.699225,0.555548
sheet__PMMA8,Simple,sheet,0.693477,0.578525,0.689669,0.546062,0.692670,0.577944
sheet__Sellotape,Simple,sheet,0.497216,0.445176,0.623778,0.589203,0.748499,0.496045
sheet__Silicone3,Simple,sheet,0.675502,0.551334,0.692156,0.548682,0.679295,0.554871
sheet__Spring08,Simple,sheet,0.496676,0.444643,0.490232,0.443767,0.497485,0.448887
sheet__Steel06,Simple,sheet,0.551613,0.474993,0.692170,0.548683,0.699251,0.557963
sk_bracket__SK10,Medium,sk_bracket,0.332559,0.203863,0.345836,0.309863,0.331019,0.240772
sk_bracket__SK12,Medium,sk_bracket,0.435352,0.302436,0.408276,0.354590,0.334759,0.262380
sk_bracket__SK16,Medium,sk_bracket,0.500836,0.396389,0.604709,0.495757,0.381607,0.322931
sk_bracket__SK8,Medium,sk_bracket,0.321916,0.285886,0.554020,0.347873,0.381823,0.287563
smd__SOIC14,Medium,smd,0.121489,0.085599,0.121344,0.084189,0.121420,0.018224
smd__SOIC16,Medium,smd,0.106878,0.074043,0.106691,0.074037,0.106878,0.073998
smd__SOIC18,Medium,smd,0.149194,0.084690,0.123398,0.097298,0.125621,0.080583
smd__SOIC8,Medium,smd,0.227513,0.147646,0.212805,0.147624,0.212738,0.147591
smd__SOT223,Medium,smd,0.187273,0.138616,0.250691,0.153595,0.250476,0.153688
smd__SOT23,Medium,smd,0.205332,0.191435,0.200956,0.184767,0.200917,0.056869
smd__SOT23_6,Medium,smd,0.252773,0.193085,0.197550,0.193643,0.204018,0.193647
smd__TSOT23_8,Medium,smd,0.197330,0.178382,0.194130,0.178332,0.203505,0.178319
ssr__SSR10DA,Medium,ssr,0.355534,0.249669,0.288466,0.284781,0.295491,0.239750
ssr__SSR25DA,Medium,ssr,0.186755,0.182942,0.186745,0.182948,0.188294,0.183063
stepper_motor__NEMA14_36,Complex,stepper_motor,0.099858,0.032199,0.282575,0.281302,0.251166,0.236884
stepper_motor__NEMA16_19,Complex,stepper_motor,0.196484,0.063110,0.221194,0.211293,0.386421,0.189386
stepper_motor__NEMA17_27,Complex,stepper_motor,0.116828,0.060661,0.395273,0.250387,0.230944,0.214781
stepper_motor__NEMA17_34,Complex,stepper_motor,0.103836,0.041250,0.346336,0.250262,,
stepper_motor__NEMA17_40,Complex,stepper_motor,0.141421,0.050217,0.336656,0.333365,0.286040,0.238154
stepper_motor__NEMA17_40L280,Complex,stepper_motor,0.808915,0.578813,0.875058,0.645010,0.743764,0.513662
stepper_motor__NEMA17_47,Complex,stepper_motor,0.081690,0.039875,0.334580,0.330992,0.250439,0.248706
stepper_motor__NEMA17_47L80,Complex,stepper_motor,0.274976,0.175103,0.445000,0.185083,0.256165,0.185056
stepper_motor__NEMA23_51,Complex,stepper_motor,0.139639,0.030505,0.410538,0.250163,0.264290,0.259224
stepper_motor__NEMA8_30,Complex,stepper_motor,0.169064,0.073320,0.345511,0.030884,0.390020,0.254265
stepper_motor__NEMA8_30BH,Complex,stepper_motor,0.328398,0.223947,0.210642,0.094838,0.252632,0.131703
swiss_clip__UKPFS1008_10,Medium,swiss_clip,0.443498,0.372512,0.439041,0.293790,,
toggle__AP5236,Complex,toggle,0.241917,0.128721,0.536014,0.411011,0.241701,0.126153
toggle__AP5236_pin,Complex,toggle,0.944469,0.847802,0.920389,0.823720,0.923213,0.828291
toggle__CK7000_pin,Complex,toggle,0.944356,0.847006,0.923923,0.826571,0.927093,0.830895
toggle__CK7000_tag,Complex,toggle,0.944917,0.847743,0.943645,0.846468,0.929185,0.833295
toggle__CK7101,Complex,toggle,0.227863,0.111036,0.422488,0.296043,0.292816,0.167812
toggle__CK7105,Complex,toggle,0.222030,0.088390,0.346548,0.210738,0.250839,0.069486
toggle__MS332F,Complex,toggle,0.200236,0.121448,0.395434,0.290606,0.204527,0.117201
toggle__MS332F_pin,Complex,toggle,0.945049,0.843757,0.920377,0.819081,0.933432,0.833480
transformer__CCM300,Medium,transformer,0.362469,0.301314,0.363966,0.342748,0.348266,0.127876
transformer__SMALLTX,Medium,transformer,0.173803,0.095610,0.317713,0.285462,0.319213,0.284916
tubing__CARBONFIBER10,Medium,tubing,0.038650,0.021084,0.861762,0.804292,0.465321,0.414625
tubing__HSHRNK100,Medium,tubing,,,0.739387,0.658205,0.376699,0.334307
tubing__HSHRNK16,Medium,tubing,0.043642,0.040956,0.742541,0.658528,0.386869,0.354802
tubing__HSHRNK24,Medium,tubing,0.077513,0.017558,0.741871,0.656372,0.383005,0.359472
tubing__HSHRNK32,Medium,tubing,0.106572,0.029754,0.741299,0.657809,0.378354,0.332279
tubing__HSHRNK64,Medium,tubing,0.148309,0.146735,0.739780,0.653719,0.377024,0.334360
tubing__NEOP85,Medium,tubing,0.375995,0.353827,0.862268,0.781914,0.663100,0.598615
tubing__PF7,Medium,tubing,0.064567,0.061616,0.860513,0.769560,0.425062,0.378584
tubing__PTFE07,Medium,tubing,0.094802,0.094029,0.861465,0.769774,0.437968,0.393322
tubing__PTFE20,Medium,tubing,0.050578,0.047591,0.861174,0.769433,0.437749,0.393681
tubing__PTFE2_3,Medium,tubing,0.038884,0.034610,0.860482,0.768978,0.425033,0.379046
tubing__PTFE2_4,Medium,tubing,0.020930,0.011214,0.860506,0.772509,0.462501,0.416061
tubing__PTFE4_6,Medium,tubing,0.070820,0.067430,0.712507,0.648261,0.425151,0.377881
tubing__PVC64,Medium,tubing,0.136455,0.131693,0.862936,0.773429,0.561566,0.513838
tubing__PVC85,Medium,tubing,0.102150,0.100516,0.862273,0.771446,0.634717,0.594343
tubing__STFE4_3p2_CLR,Medium,tubing,0.043988,0.040458,0.741259,0.655480,0.406766,0.352088
tubing__STFE4_6p4_CLR,Medium,tubing,0.161456,0.160029,0.739672,0.658611,0.406486,0.369262
variac__DURATRAKV5HM,Medium,variac,0.385692,0.359828,0.776661,0.733353,0.340539,0.324301
variac__RAVISTAT1F1,Medium,variac,0.478517,0.259584,0.633972,0.586624,0.454300,0.331150
washer__M2_washer,Simple,washer,0.040402,0.031301,0.024118,0.014664,0.040402,0.031297
washer__M2p5_washer,Simple,washer,0.049552,0.043319,0.023184,0.014094,0.049912,0.043326
washer__M3_penny_washer,Simple,washer,0.042032,0.034675,0.023498,0.013049,0.042032,0.034680
washer__M3_rubber_washer,Simple,washer,0.078491,0.075571,0.025231,0.014347,0.078419,0.075609
washer__M3_washer,Simple,washer,0.971742,0.877037,0.023419,0.013369,0.042289,0.036780
washer__M3p5_washer,Simple,washer,0.037444,0.032484,0.020742,0.012903,0.037444,0.032479
washer__M4_penny_washer,Simple,washer,0.035719,0.030005,0.022101,0.012734,0.037173,0.030053
washer__M4_washer,Simple,washer,0.050402,0.045324,0.023045,0.013059,0.050844,0.045324
washer__M5_penny_washer,Simple,washer,0.041237,0.036248,0.023946,0.012714,0.040963,0.036280
washer__M5_washer,Simple,washer,0.054227,0.050732,0.021822,0.012801,0.054292,0.050726
washer__M6_penny_washer,Simple,washer,0.035036,0.030396,0.022982,0.012703,0.034767,0.030410
washer__M6_washer,Simple,washer,0.064929,0.060657,0.024158,0.013153,0.064895,0.060648
washer__M8_penny_washer,Simple,washer,0.128461,0.126920,0.020787,0.012393,0.033706,0.026857
washer__M8_washer,Simple,washer,0.051808,0.047856,0.022384,0.012628,0.051664,0.047866