prompt_id,tier,family,lpips_cadence,lpips_gpt4o,lpips_gpt52
7_segment__WT5011BSR,Simple,7_segment,0.502599,0.488848,0.494321
antenna__ESP201_antenna,Simple,antenna,0.268618,0.106296,0.121750
axial__DO_35,Medium,axial,0.480079,0.304939,0.367931
axial__DO_41,Medium,axial,0.464314,0.359261,0.344989
ball_bearing__BB608,Medium,ball_bearing,0.458180,0.182557,0.219365
ball_bearing__BB6200,Medium,ball_bearing,0.459161,0.178347,0.220799
ball_bearing__BB6201,Medium,ball_bearing,0.461559,0.182175,0.193544
ball_bearing__BB624,Medium,ball_bearing,0.500906,0.190622,0.192934
ball_bearing__BB6808,Medium,ball_bearing,0.367783,0.162924,0.161462
ball_bearing__BB686,Medium,ball_bearing,0.466297,0.194459,0.191045
ball_bearing__BB696,Medium,ball_bearing,0.461014,0.183918,0.180015
ball_bearing__BBF623,Medium,ball_bearing,0.455643,0.213001,0.229377
ball_bearing__BBF625,Medium,ball_bearing,0.432190,0.199530,0.175289
ball_bearing__BBF693,Medium,ball_bearing,0.437553,0.213536,0.222140
ball_bearing__BBF695,Medium,ball_bearing,0.450928,0.205664,0.194371
ball_bearing__BBMR63,Medium,ball_bearing,0.563318,0.197370,0.231329
ball_bearing__BBMR83,Medium,ball_bearing,0.494942,0.177719,0.210586
ball_bearing__BBMR85,Medium,ball_bearing,0.437385,0.185964,0.194453
ball_bearing__BBMR93,Medium,ball_bearing,0.509300,0.179470,0.220872
ball_bearing__BBMR95,Medium,ball_bearing,0.463579,0.188649,0.195338
ball_bearing__BBSMR95,Medium,ball_bearing,0.452483,0.184892,0.186636
batterie__A23CELL,Medium,batterie,0.312402,0.231103,0.235089
batterie__AAACELL,Medium,batterie,0.279911,0.167262,0.166135
batterie__AACELL,Medium,batterie,0.265550,0.201689,0.205050
batterie__CCELL,Medium,batterie,0.421093,0.313625,0.322480
batterie__DCELL,Medium,batterie,0.426227,0.322130,0.330981
batterie__LI16340,Medium,batterie,0.388660,0.378363,0.369341
batterie__LI32700,Medium,batterie,0.369261,0.377493,0.375622
batterie__LI4680,Medium,batterie,0.467065,0.256423,0.257861
batterie__LUMINTOP,Medium,batterie,0.295130,0.185258,0.191977
batterie__S25R18650,Medium,batterie,0.338033,0.155575,0.162526
bearing_block__SCS10LUU,Complex,bearing_block,0.440420,0.482985,0.479385
bearing_block__SCS10UU,Complex,bearing_block,0.478386,0.517545,0.503195
bearing_block__SCS12LUU,Complex,bearing_block,0.465327,0.485009,0.464425
bearing_block__SCS12UU,Complex,bearing_block,0.466110,0.518826,0.513397
bearing_block__SCS16LUU,Complex,bearing_block,0.401826,0.498727,0.476809
bearing_block__SCS16UU,Complex,bearing_block,0.422544,0.528834,0.523677
bearing_block__SCS6UU,Complex,bearing_block,0.481126,0.520245,0.493032
bearing_block__SCS8LUU,Complex,bearing_block,0.517282,0.481687,0.469261
bearing_block__SCS8UU,Complex,bearing_block,0.447675,0.524736,
bldc_motor__BLDC0603,Complex,bldc_motor,0.412895,0.277437,0.271488
bldc_motor__BLDC0802,Complex,bldc_motor,0.395375,0.384888,0.328022
bldc_motor__BLDC1105,Complex,bldc_motor,0.422914,0.399069,0.361072
bldc_motor__BLDC1306,Complex,bldc_motor,0.430241,0.373389,0.303344
bldc_motor__BLDC1804,Complex,bldc_motor,0.385659,0.350323,0.303510
bldc_motor__BLDC2205,Complex,bldc_motor,0.415628,0.384616,0.317489
bldc_motor__BLDC2212,Complex,bldc_motor,0.384679,0.318666,0.317710
bldc_motor__BLDC3548,Complex,bldc_motor,0.428131,0.312412,0.240967
bldc_motor__BLDC4250,Complex,bldc_motor,0.434836,0.347999,0.351145
blower__BL30x10,Complex,blower,0.490087,0.465143,0.475564
blower__BL40x10,Complex,blower,0.420978,0.409826,
blower__PE4020,Complex,blower,0.458428,0.505090,0.510392
blower__RB5015,Complex,blower,0.450281,0.470174,
box_section__AL12x8x1,Simple,box_section,0.242769,0.325684,0.168141
box_section__AL20x20x2,Simple,box_section,0.289236,0.393639,0.196261
box_section__AL38p1x25p4x1p6,Simple,box_section,0.415409,0.458115,0.308665
box_section__AL50p8x38p1x3,Simple,box_section,0.450430,0.520746,0.378803
component__Epcos,Simple,component,0.472516,0.221556,0.059686
component__EpcosBlue,Simple,component,0.277526,0.102692,0.084768
component__Honewell,Simple,component,0.295867,0.051832,0.117564
component__RIE1212UB5C5R6,Simple,component,0.336243,0.232644,0.164436
component__RWM04106R80J,Simple,component,0.344418,0.062689,0.143520
component__TC,Medium,component,0.517228,0.311245,0.331636
component__THS10,Medium,component,0.500431,0.358161,0.390338
component__THS15,Medium,component,0.497007,0.361146,0.390731
component__THS25,Medium,component,0.493773,0.350728,0.405955
component__THS50,Medium,component,0.527394,0.390803,0.397940
d_connector__DCONN15,Complex,d_connector,0.504689,0.303226,0.362678
d_connector__DCONN25,Complex,d_connector,,0.273855,0.332284
d_connector__DCONN9,Complex,d_connector,0.471610,0.322323,0.405124
display__BigTreeTech_TFT35v3_0,Medium,display,0.432316,0.324461,0.341855
display__HDMI5,Medium,display,0.416230,0.385857,0.331194
display__LCD1602A,Medium,display,0.444650,0.252987,0.276249
display__LCD1602AI2C,Medium,display,0.429974,0.263900,0.260385
display__LCD2004A,Medium,display,0.473095,0.260082,0.288733
display__LCDS7282B,Medium,display,0.472704,0.226628,0.235082
display__SSD1963_4p3,Medium,display,0.452262,0.329821,0.335635
display__TFT128x160,Medium,display,0.420604,0.381763,0.398634
extrusion__E1515,Simple,extrusion,0.262584,0.170903,0.173526
extrusion__E2020,Simple,extrusion,0.321631,0.210851,0.185395
extrusion__E2020t,Simple,extrusion,0.487111,0.213934,0.205158
extrusion__E2040,Simple,extrusion,0.300688,0.277810,0.268461
extrusion__E2060,Simple,extrusion,0.335951,0.305355,0.366303
extrusion__E2080,Simple,extrusion,0.363163,0.321639,0.418514
extrusion__E3030,Simple,extrusion,0.321908,0.310232,0.312268
extrusion__E3060,Simple,extrusion,0.334947,0.359181,0.374552
extrusion__E4040,Simple,extrusion,0.340256,0.359487,0.372483
extrusion__E4040t,Simple,extrusion,0.339867,0.390278,0.372896
extrusion__E4080,Simple,extrusion,0.374208,0.413239,0.450316
extrusion__Makerbeam,Simple,extrusion,0.267947,0.114417,0.115780
extrusion__MakerbeamXL,Simple,extrusion,0.263795,0.168952,0.172428
extrusion_bracket__E20_corner_bracket,Medium,extrusion_bracket,0.420934,0.477948,0.465212
extrusion_bracket__E20_inner_corner_bracket,Medium,extrusion_bracket,0.437749,0.341741,0.341542
extrusion_bracket__E40_corner_bracket,Medium,extrusion_bracket,0.461601,0.467946,0.347634
extrusion_bracket__E40_inner_corner_bracket,Medium,extrusion_bracket,0.421894,0.367782,0.370710
gear_motor__FIT0492_A,Medium,gear_motor,0.336518,0.228216,0.262052
hot_end__E3D_clone,Simple,hot_end,0.379111,0.222456,0.243825
hot_end__E3Dv5,Simple,hot_end,0.367245,0.199864,0.226160
hot_end__E3Dv6,Simple,hot_end,0.405923,0.213656,0.201910
hot_end__JHeadMk5,Simple,hot_end,0.396113,0.174415,0.226315
ht_pipe__HT_110_cap,Simple,ht_pipe,0.535421,0.317767,0.268348
ht_pipe__HT_110_pipe_1000,Simple,ht_pipe,0.254229,0.044303,0.041205
ht_pipe__HT_110_pipe_150,Simple,ht_pipe,0.362816,0.137470,0.142021
ht_pipe__HT_110_pipe_1500,Simple,ht_pipe,0.234370,0.031819,0.030690
ht_pipe__HT_110_pipe_2000,Simple,ht_pipe,0.224333,0.024716,0.021952
ht_pipe__HT_110_pipe_250,Simple,ht_pipe,0.351871,0.101703,0.107695
ht_pipe__HT_110_pipe_500,Simple,ht_pipe,0.288905,0.070389,0.069055
ht_pipe__HT_125_cap,Simple,ht_pipe,0.472332,0.314669,0.280314
ht_pipe__HT_125_pipe_1000,Simple,ht_pipe,0.264663,0.046025,0.046227
ht_pipe__HT_125_pipe_150,Simple,ht_pipe,0.403865,0.146388,0.166385
ht_pipe__HT_125_pipe_1500,Simple,ht_pipe,0.242648,0.035657,0.033374
ht_pipe__HT_125_pipe_2000,Simple,ht_pipe,0.227628,0.024287,0.022109
ht_pipe__HT_125_pipe_250,Simple,ht_pipe,0.340166,0.114504,0.122249
ht_pipe__HT_125_pipe_500,Simple,ht_pipe,0.307172,0.084389,0.080655
ht_pipe__HT_160_cap,Simple,ht_pipe,0.438687,0.308476,0.310716
ht_pipe__HT_160_pipe_1000,Simple,ht_pipe,0.280573,0.062092,0.055133
ht_pipe__HT_160_pipe_150,Simple,ht_pipe,0.421693,0.202108,0.209691
ht_pipe__HT_160_pipe_1500,Simple,ht_pipe,0.252806,0.043551,0.040039
ht_pipe__HT_160_pipe_2000,Simple,ht_pipe,0.238631,0.034579,0.030928
ht_pipe__HT_160_pipe_250,Simple,ht_pipe,0.387265,0.136423,0.155287
ht_pipe__HT_160_pipe_500,Simple,ht_pipe,0.331718,0.102796,0.104144
ht_pipe__HT_32_cap,Simple,ht_pipe,0.436007,0.307755,0.243862
ht_pipe__HT_32_pipe_1000,Simple,ht_pipe,0.229792,0.016082,0.015644
ht_pipe__HT_32_pipe_150,Simple,ht_pipe,0.278916,0.065020,0.061548
ht_pipe__HT_32_pipe_1500,Simple,ht_pipe,0.352571,0.014385,0.014454
ht_pipe__HT_32_pipe_2000,Simple,ht_pipe,0.229104,0.007936,0.009051
ht_pipe__HT_32_pipe_250,Simple,ht_pipe,0.247797,0.049268,0.049069
ht_pipe__HT_32_pipe_500,Simple,ht_pipe,0.230395,0.029052,0.026851
ht_pipe__HT_40_cap,Simple,ht_pipe,0.441127,0.281743,0.214915
ht_pipe__HT_40_pipe_1000,Simple,ht_pipe,0.368356,0.025068,0.023083
ht_pipe__HT_40_pipe_150,Simple,ht_pipe,0.298882,0.069568,0.066079
ht_pipe__HT_40_pipe_1500,Simple,ht_pipe,0.355829,0.018994,0.019504
ht_pipe__HT_40_pipe_2000,Simple,ht_pipe,0.350974,0.010295,0.010172
ht_pipe__HT_40_pipe_250,Simple,ht_pipe,0.275289,0.053205,0.048508
ht_pipe__HT_40_pipe_500,Simple,ht_pipe,0.395883,0.035990,0.033411
ht_pipe__HT_50_40_tpipe,Simple,ht_pipe,0.475612,0.197689,0.202847
ht_pipe__HT_50_cap,Simple,ht_pipe,0.438755,0.296535,0.253378
ht_pipe__HT_50_pipe_1000,Simple,ht_pipe,0.225951,0.024192,0.022399
ht_pipe__HT_50_pipe_150,Simple,ht_pipe,0.293660,0.077134,0.073834
ht_pipe__HT_50_pipe_1500,Simple,ht_pipe,0.224694,0.017906,0.017497
ht_pipe__HT_50_pipe_2000,Simple,ht_pipe,0.237468,0.017691,0.018254
ht_pipe__HT_50_pipe_250,Simple,ht_pipe,0.267221,0.060291,0.054233
ht_pipe__HT_50_pipe_500,Simple,ht_pipe,0.247843,0.040487,0.037766
ht_pipe__HT_50_tpipe,Simple,ht_pipe,0.506783,0.335649,0.336693
ht_pipe__HT_75_cap,Simple,ht_pipe,0.547412,0.310704,0.259444
ht_pipe__HT_75_pipe_1000,Simple,ht_pipe,0.392589,0.032057,0.030822
ht_pipe__HT_75_pipe_150,Simple,ht_pipe,0.346930,0.100951,0.099014
ht_pipe__HT_75_pipe_1500,Simple,ht_pipe,0.223504,0.022323,0.020444
ht_pipe__HT_75_pipe_2000,Simple,ht_pipe,0.365541,0.020594,0.018763
ht_pipe__HT_75_pipe_250,Simple,ht_pipe,0.293957,0.072346,0.069406
ht_pipe__HT_75_pipe_500,Simple,ht_pipe,0.434001,0.049878,0.044262
ht_pipe__HT_90_cap,Simple,ht_pipe,0.534885,0.287738,0.258780
ht_pipe__HT_90_pipe_1000,Simple,ht_pipe,0.401536,0.061561,0.034513
ht_pipe__HT_90_pipe_150,Simple,ht_pipe,0.352768,0.260788,0.290951
ht_pipe__HT_90_pipe_1500,Simple,ht_pipe,0.380593,0.127961,0.020815
ht_pipe__HT_90_pipe_2000,Simple,ht_pipe,0.223996,0.056037,0.009270
ht_pipe__HT_90_pipe_250,Simple,ht_pipe,0.511610,0.129864,0.317077
ht_pipe__HT_90_pipe_500,Simple,ht_pipe,0.271521,0.188491,0.057563
iec__IEC_320_C14_switched_fused_inlet,Complex,iec,0.431639,0.415657,0.383200
iec__IEC_fused_inlet,Complex,iec,0.370713,0.431949,0.394918
iec__IEC_fused_inlet2,Complex,iec,0.448603,0.451314,0.399992
iec__IEC_inlet_atx,Complex,iec,0.445077,0.367787,0.417000
iec__IEC_inlet_atx2,Complex,iec,0.462935,0.498019,0.457854
iec__IEC_outlet,Complex,iec,0.480677,0.443033,0.388533
iec__IEC_yunpen,Complex,iec,0.420197,0.463932,0.407615
insert__CNCKM2p5,Simple,insert,0.414084,0.288598,0.307099
insert__CNCKM3,Simple,insert,0.534124,0.339716,0.339739
insert__CNCKM4,Simple,insert,0.497370,0.354927,0.338158
insert__CNCKM5,Simple,insert,0.528410,0.311353,0.294316
insert__F1BM2,Simple,insert,0.386040,0.232188,0.254227
insert__F1BM2p5,Simple,insert,0.462766,0.259355,0.272373
insert__F1BM3,Simple,insert,0.415444,0.241017,0.251860
insert__F1BM4,Simple,insert,0.420129,0.243472,0.251689
insert__M10x25,Simple,insert,0.493301,0.230935,0.240009
insert__M12x30,Simple,insert,0.440705,0.211486,0.254311
insert__M16x30,Simple,insert,0.445716,0.178423,0.175480
insert__M3x8,Simple,insert,0.532211,0.213779,0.243415
insert__M4x10,Simple,insert,0.458155,0.220834,0.263150
insert__M5x12,Simple,insert,0.452233,0.188537,0.191417
insert__M6x15,Simple,insert,0.491732,0.180659,0.229558
insert__M8x18,Simple,insert,0.466598,0.148188,0.215008
leadnut__LNHT8x2,Medium,leadnut,0.637914,0.310546,0.301680
leadnut__LSN8x2,Medium,leadnut,0.524814,0.445977,0.443847
leadnut__LSN8x8,Medium,leadnut,0.501771,0.434606,0.425446
leadnut__SFU1610,Medium,leadnut,0.505410,0.360924,0.360083
led__LED10mm,Medium,led,0.423558,0.285084,0.318741
led__LED3mm,Medium,led,0.344023,0.277490,0.235443
led__LED5mm,Medium,led,0.421432,0.316721,0.246040
led__LED5x2mm,Medium,led,0.414918,0.339388,0.334869
led__LED8mm,Medium,led,0.423239,0.318876,0.286480
led__LEDs,Medium,led,0.462629,0.319088,0.313023
light_strip__RIGID5050,Medium,light_strip,0.329630,0.157374,
linear_bearing__LM10LUU,Medium,linear_bearing,0.310514,0.245657,0.252040
linear_bearing__LM10UU,Medium,linear_bearing,0.363897,0.366751,0.378536
linear_bearing__LM12LUU,Medium,linear_bearing,0.335357,0.266672,0.262444
linear_bearing__LM12UU,Medium,linear_bearing,0.397386,0.374743,0.386547
linear_bearing__LM16LUU,Medium,linear_bearing,0.345504,0.274058,0.282278
linear_bearing__LM16UU,Medium,linear_bearing,0.395219,0.384175,0.394894
linear_bearing__LM16UUOP,Medium,linear_bearing,0.413553,0.392133,0.404072
linear_bearing__LM3LUU,Medium,linear_bearing,0.310109,0.261734,0.244785
linear_bearing__LM3UU,Medium,linear_bearing,0.445810,0.346517,0.361484
linear_bearing__LM4LUU,Medium,linear_bearing,0.412351,0.245885,0.230505
linear_bearing__LM4UU,Medium,linear_bearing,0.362219,0.339662,0.357429
linear_bearing__LM5LUU,Medium,linear_bearing,0.364840,0.269258,0.260240
linear_bearing__LM5UU,Medium,linear_bearing,0.397775,0.376663,0.385641
linear_bearing__LM6LUU,Medium,linear_bearing,0.320613,0.255882,0.249279
linear_bearing__LM6UU,Medium,linear_bearing,0.390067,0.384081,0.375162
linear_bearing__LM8LUU,Medium,linear_bearing,0.321884,0.236706,0.242916
linear_bearing__LM8UU,Medium,linear_bearing,0.383899,0.362106,0.373078
magnet__MAG484,Simple,magnet,0.527325,0.361927,0.461623
magnet__MAG5x8,Simple,magnet,0.475991,0.422450,0.402549
magnet__MAG8x4x4p2,Simple,magnet,0.474477,0.373844,0.386627
magnet__MAGRE6x2p5,Simple,magnet,0.394541,0.329235,0.337308
mains_socket__Contactum,Medium,mains_socket,0.435556,0.319308,0.368821
mains_socket__MKLOGIC,Medium,mains_socket,0.383625,0.331486,0.339082
mains_socket__PMS9143A,Medium,mains_socket,0.460500,0.343752,0.400299
nut__M2_nut,Medium,nut,0.356258,0.315469,0.309537
nut__M2p5_nut,Medium,nut,0.360879,0.316650,0.322468
nut__M3_hammer_nut,Medium,nut,0.433911,0.391588,0.337355
nut__M3_nut,Medium,nut,0.359126,0.365088,0.323407
nut__M3_sliding_t_nut,Medium,nut,0.492479,0.399873,0.342559
nut__M3nS_thin_nut,Medium,nut,0.463473,0.365040,0.308745
nut__M4_hammer_nut,Medium,nut,0.433222,0.406582,0.434793
nut__M4_nut,Medium,nut,0.362236,0.390891,0.325600
nut__M4_sliding_t_nut,Medium,nut,0.489092,0.446268,0.376715
nut__M4_weld_nut,Medium,nut,0.442097,0.417012,0.345201
nut__M4_wingnut,Medium,nut,0.424054,0.374650,0.379596
nut__M4nS_thin_nut,Medium,nut,0.371538,0.299985,0.301407
nut__M5_nut,Medium,nut,0.382975,0.426592,0.333551
nut__M5_sliding_t_nut,Medium,nut,0.465654,0.447920,0.389973
nut__M5nS_thin_nut,Medium,nut,0.370602,0.328570,0.306704
nut__M6_half_nut,Medium,nut,0.347252,0.318382,0.288743
nut__M6_nut,Medium,nut,0.416472,0.437243,0.332986
nut__M6_sliding_t_nut,Medium,nut,0.469786,0.416507,0.471837
nut__M6_weld_nut,Medium,nut,0.377404,0.336110,0.356461
nut__M6nS_thin_nut,Medium,nut,0.357536,0.367633,0.301183
nut__M8_nut,Medium,nut,0.319085,0.320091,0.338151
nut__M8nS_thin_nut,Medium,nut,0.361333,0.392476,0.298555
panel_meter__DSN_VC288,Complex,panel_meter,0.473456,0.446854,0.466434
panel_meter__DSP5005,Complex,panel_meter,0.449752,0.401061,0.398131
panel_meter__PZEM001,Complex,panel_meter,0.492150,0.442462,0.377897
panel_meter__PZEM021,Complex,panel_meter,0.498069,0.382939,0.473884
pcb__ArduinoLeonardo,Complex,pcb,0.412870,0.413978,0.413978
pcb__ArduinoUno3,Complex,pcb,0.455304,0.412582,0.412582
pcb__BTT_RELAY_V1_2,Complex,pcb,0.422997,0.367046,0.367046
pcb__BTT_SKR_E3_TURBO,Complex,pcb,0.438332,0.420314,0.418072
pcb__BTT_SKR_MINI_E3_V2_0,Complex,pcb,0.410364,0.394118,0.394118
pcb__BTT_SKR_V1_4_TURBO,Complex,pcb,0.466099,0.440448,0.440448
pcb__Duex2,Complex,pcb,0.447117,0.422550,0.422550
pcb__Duex5,Complex,pcb,0.454465,0.424175,0.424175
pcb__ESP_01,Complex,pcb,0.482624,0.375837,0.375837
pcb__ESP_01M,Complex,pcb,0.443726,0.359415,0.359415
pcb__EnviroPlus,Complex,pcb,0.372246,0.280869,0.280869
pcb__Ethernet,Complex,pcb,0.472346,0.434807,0.434813
pcb__HW803_1WAY_RELAY,Complex,pcb,0.416497,0.373733,0.322664
pcb__KY_040,Complex,pcb,0.481574,0.367999,0.357444
pcb__Keyes5p1,Complex,pcb,0.427776,0.398444,0.398442
pcb__Melzi,Complex,pcb,0.347406,0.150825,0.150825
pcb__PI_IO,Complex,pcb,0.478592,0.415003,0.415003
pcb__PSU12V1A,Complex,pcb,0.393463,0.207080,0.206310
pcb__RAMPSEndstop,Complex,pcb,0.432434,0.330759,0.330759
pcb__RPI0,Complex,pcb,0.396906,0.265141,0.265141
pcb__RPI3,Complex,pcb,0.411689,0.349910,0.349910
pcb__RPI3A,Complex,pcb,0.452964,0.354441,0.354441
pcb__RPI4,Complex,pcb,0.399274,0.346377,0.346377
pcb__RPI_Pico,Complex,pcb,0.402911,0.250558,0.250558
pcb__TMC2130,Complex,pcb,0.502996,0.439540,0.433885
pcb__TP4056,Complex,pcb,0.416728,0.371011,0.354092
pcb__WD2002SJ,Complex,pcb,0.423135,0.372278,0.361631
pcb__XIAO,Complex,pcb,0.449201,0.358520,0.358520
pcb__ZC_A0591,Complex,pcb,0.477136,0.382693,0.298218
photo_interrupter__PH1,Simple,photo_interrupter,0.488335,0.442951,0.470333
pillar__M2x16_brass_pillar,Medium,pillar,0.299631,0.077995,0.077995
pillar__M3x10_nylon_hex_pillar,Medium,pillar,0.386109,0.362267,0.308417
pillar__M3x13_hex_pillar,Medium,pillar,0.348805,0.333575,0.266847
pillar__M3x20_hex_pillar,Medium,pillar,0.300138,0.263820,0.160847
pillar__M3x20_nylon_hex_pillar,Medium,pillar,0.344857,0.259724,0.252183
pillar__M3x20_nylon_pillar,Medium,pillar,0.315619,0.191972,0.191972
pillar__M3x6_hex_pillar,Medium,pillar,0.520320,0.283566,0.207496
pillar__M4x17_nylon_pillar,Medium,pillar,0.311031,0.190481,0.190482
pillow_block__KP000,Medium,pillow_block,0.457270,0.371040,0.374079
pillow_block__KP001,Medium,pillow_block,0.467833,0.392590,0.375285
pillow_block__KP08_15,Medium,pillow_block,,0.359662,0.378227
pillow_block__KP08_18,Medium,pillow_block,0.437876,0.366339,0.375784
potentiometer__BTT_encoder,Complex,potentiometer,0.412381,0.395625,0.365733
potentiometer__KY_040_encoder,Complex,potentiometer,0.466979,0.403045,0.383833
pulley__GT2x12_pulley,Complex,pulley,0.440350,0.383883,0.419308
pulley__GT2x16_plain_idler,Complex,pulley,0.420210,0.407265,0.399390
pulley__GT2x16_pulley,Complex,pulley,0.445222,0.421221,0.427305
pulley__GT2x16_pulley_9,Complex,pulley,0.437394,0.397461,0.411106
pulley__GT2x16_toothed_idler,Complex,pulley,0.469812,0.449762,0.414375
pulley__GT2x16_toothed_idler_9,Complex,pulley,0.367771,0.410888,0.398942
pulley__GT2x16x7_plain_idler,Complex,pulley,0.410271,0.409846,0.395322
pulley__GT2x20_plain_idler,Complex,pulley,0.401668,0.388274,0.370791
pulley__GT2x20_pulley_9,Complex,pulley,0.388621,0.386480,0.426628
pulley__GT2x20_toothed_idler,Complex,pulley,0.412595,0.420701,0.392786
pulley__GT2x20_toothed_idler_9,Complex,pulley,0.432887,0.418371,0.385542
pulley__GT2x20ob_pulley,Complex,pulley,,0.438690,0.434328
pulley__GT2x20um_pulley,Complex,pulley,0.419091,0.438828,0.431023
pulley__GT2x80_pulley,Complex,pulley,0.355215,0.315756,0.309428
pulley__T2p5x16_pulley,Complex,pulley,0.372828,0.430833,0.430304
pulley__T5x10_pulley,Complex,pulley,0.427098,0.325906,0.387365
radial__ACT1100,Medium,radial,0.444484,0.394935,0.406649
radial__ACT1700,Medium,radial,0.447297,0.413907,0.410629
radial__ATX_CM_CHOKE,Medium,radial,0.477406,0.425720,0.426148
radial__C_002RX,Medium,radial,0.439191,0.313231,0.211445
radial__HC49,Medium,radial,0.463835,0.386111,0.404177
radial__HC49_4H,Medium,radial,0.458551,0.387680,0.389856
rail__HGH15CA,Simple,rail,0.452463,0.223586,0.214653
rail__HGH20CA,Simple,rail,0.447764,0.264940,0.332158
rail__MGN12,Simple,rail,0.305369,0.164570,0.265417
rail__MGN15,Simple,rail,0.406351,0.200408,0.192267
rail__MGN5,Simple,rail,0.388886,0.121455,0.213431
rail__MGN7,Simple,rail,0.280701,0.144417,0.241079
rail__MGN9,Simple,rail,0.402957,0.156510,0.140694
rail__SSR15,Simple,rail,0.448001,0.210093,0.297743
ring_terminal__M3_ringterm,Complex,ring_terminal,0.356515,0.215111,0.208488
ring_terminal__M3_ringterm_crimp,Complex,ring_terminal,0.407821,0.291984,0.297029
ring_terminal__M3_ringterm_cs,Complex,ring_terminal,0.342799,0.228213,0.206298
rod_end__RE_m5_bearing,Complex,rod_end,0.415368,0.222728,0.157495
screw__M2_cap_screw,Complex,screw,0.261135,0.144123,0.138219
screw__M2_cs_cap_screw,Complex,screw,0.292236,,0.178096
screw__M2_dome_screw,Complex,screw,0.321253,0.155175,0.186850
screw__M2p5_cap_screw,Complex,screw,0.273016,0.166270,0.158906
screw__M2p5_dome_screw,Complex,screw,0.325986,0.212481,0.193287
screw__M2p5_pan_screw,Complex,screw,0.350641,0.173681,0.179616
screw__M3_cap_screw,Complex,screw,0.286258,0.179132,0.181318
screw__M3_cs_cap_screw,Complex,screw,0.353576,0.235876,0.228646
screw__M3_dome_screw,Complex,screw,0.339679,0.225616,0.184727
screw__M3_grub_screw,Complex,screw,0.349012,0.230971,0.233052
screw__M3_hex_screw,Complex,screw,0.273638,0.199050,0.194520
screw__M3_low_cap_screw,Complex,screw,0.286647,0.192409,0.185374
screw__M3_pan_screw,Complex,screw,0.304233,0.199942,0.193686
screw__M3_shoulder_screw,Complex,screw,0.365058,0.204950,0.244941
screw__M4_cap_screw,Complex,screw,0.301777,0.219595,0.260046
screw__M4_cs_cap_screw,Complex,screw,0.372660,0.240510,0.268589
screw__M4_dome_screw,Complex,screw,0.315843,0.234405,0.212002
screw__M4_grub_screw,Complex,screw,0.377248,0.322879,0.274317
screw__M4_hex_screw,Complex,screw,0.316929,0.207220,0.272682
screw__M4_pan_screw,Complex,screw,0.421491,0.240775,0.277494
screw__M4_shoulder_screw,Complex,screw,0.359913,0.272505,0.272496
screw__M5_cap_screw,Complex,screw,0.333725,0.276486,0.240365
screw__M5_cs_cap_screw,Complex,screw,0.342293,0.293363,0.289739
screw__M5_dome_screw,Complex,screw,0.389190,0.247124,0.240359
screw__M5_grub_screw,Complex,screw,0.382195,0.334017,0.304757
screw__M5_hex_screw,Complex,screw,0.289713,0.231541,0.246533
screw__M5_pan_screw,Complex,screw,0.400487,0.256910,0.267511
screw__M6_cap_screw,Complex,screw,0.321399,0.265871,0.256252
screw__M6_cs_cap_screw,Complex,screw,0.390622,0.291124,0.304404
screw__M6_dome_screw,Complex,screw,0.365363,0.277892,0.284204
screw__M6_grub_screw,Complex,screw,0.463315,0.361592,0.427883
screw__M6_hex_screw,Complex,screw,0.333816,0.242479,0.262528
screw__M6_pan_screw,Complex,screw,0.363475,0.279984,0.300571
screw__M8_cap_screw,Complex,screw,0.345075,0.289919,0.330399
screw__M8_cs_cap_screw,Complex,screw,0.396588,0.300637,0.330628
screw__M8_dome_screw,Complex,screw,0.422359,0.287854,0.292997
screw__M8_hex_screw,Complex,screw,0.321747,0.262053,0.283094
screw__No2_screw,Complex,screw,0.340177,0.172550,0.167903
screw__No4_screw,Complex,screw,0.353461,0.211326,0.216268
screw__No632_pan_screw,Complex,screw,0.339990,0.234654,0.236878
screw__No6_cs_screw,Complex,screw,0.340387,0.247270,0.254466
screw__No6_screw,Complex,screw,0.347298,0.233581,0.235338
screw__No8_screw,Complex,screw,0.357059,0.256561,0.262172
servo_motor__Lichuan_M01330_80ST,Medium,servo_motor,0.367649,0.436422,0.285058
servo_motor__Lichuan_M02430_80ST,Medium,servo_motor,0.333914,0.363173,0.297899
servo_motor__Lichuan_M03530_80ST,Medium,servo_motor,0.315270,0.379014,0.399120
servo_motor__Lichuan_M04030_80ST,Medium,servo_motor,0.354060,0.374359,0.312688
shaft_coupling__SC_5x8_rigid,Medium,shaft_coupling,0.316793,0.305759,0.317350
shaft_coupling__SC_6x8_flex,Medium,shaft_coupling,0.412913,0.371023,0.360682
sheet__AL1_6,Simple,sheet,0.671051,0.353920,0.361855
sheet__AL2,Simple,sheet,0.688402,0.364338,0.370706
sheet__AL3,Simple,sheet,0.624288,0.341344,0.345009
sheet__AL6,Simple,sheet,0.606618,0.295788,0.316717
sheet__AL8,Simple,sheet,0.533945,0.289227,0.305659
sheet__CF1,Simple,sheet,,0.320382,0.461403
sheet__CF2,Simple,sheet,0.727942,0.367986,0.424731
sheet__CF3,Simple,sheet,0.636531,0.344810,0.403067
sheet__Cardboard,Simple,sheet,0.599549,0.337255,0.361309
sheet__DiBond,Simple,sheet,0.656906,0.341916,0.345030
sheet__DiBond6,Simple,sheet,0.594735,0.295497,0.317974
sheet__Foam20,Simple,sheet,0.428748,0.273897,0.298895
sheet__FoilTape,Simple,sheet,0.533892,0.136417,0.322873
sheet__MDF10,Simple,sheet,0.494057,0.286333,0.286333
sheet__MDF12,Simple,sheet,0.433384,0.280772,0.280772
sheet__MDF18,Simple,sheet,0.424600,0.272275,0.276964
sheet__MDF19,Simple,sheet,0.409543,0.269232,0.269232
sheet__MDF22,Simple,sheet,0.498161,0.263620,0.269276
sheet__MDF3,Simple,sheet,0.666041,0.358250,0.345015
sheet__MDF6,Simple,sheet,0.483102,0.297631,0.297631
sheet__PMMA10,Simple,sheet,0.446168,0.286333,0.286333
sheet__PMMA1p25,Simple,sheet,0.692470,0.343020,0.344609
sheet__PMMA2,Simple,sheet,0.670820,0.366264,0.367642
sheet__PMMA3,Simple,sheet,0.562444,0.344810,0.342836
sheet__PMMA6,Simple,sheet,0.557627,0.297631,0.297631
sheet__PMMA8,Simple,sheet,0.467392,0.287458,0.291408
sheet__Sellotape,Simple,sheet,0.502402,0.321115,0.282012
sheet__Silicone3,Simple,sheet,0.652502,0.344810,0.343481
sheet__Spring08,Simple,sheet,0.626713,0.355550,0.345720
sheet__Steel06,Simple,sheet,0.593808,0.273865,0.273751
sk_bracket__SK10,Medium,sk_bracket,0.426391,0.458273,0.380623
sk_bracket__SK12,Medium,sk_bracket,0.432300,0.411251,0.377944
sk_bracket__SK16,Medium,sk_bracket,0.441988,0.424636,0.400402
sk_bracket__SK8,Medium,sk_bracket,0.499843,0.425933,0.377096
smd__SOIC14,Medium,smd,0.441761,0.371439,0.371439
smd__SOIC16,Medium,smd,0.418578,0.353142,0.354184
smd__SOIC18,Medium,smd,0.441178,0.406170,0.413099
smd__SOIC8,Medium,smd,0.432256,0.408449,0.409212
smd__SOT223,Medium,smd,0.384921,0.359469,0.328774
smd__SOT23,Medium,smd,0.439780,0.369182,0.369182
smd__SOT23_6,Medium,smd,0.463192,0.420778,0.251289
smd__TSOT23_8,Medium,smd,0.441993,0.436405,0.265067
ssr__SSR10DA,Medium,ssr,0.497409,0.342085,0.408808
ssr__SSR25DA,Medium,ssr,0.439831,0.317158,0.358580
stepper_motor__NEMA14_36,Complex,stepper_motor,0.378125,0.364251,0.300655
stepper_motor__NEMA16_19,Complex,stepper_motor,0.397130,0.387114,0.349330
stepper_motor__NEMA17_27,Complex,stepper_motor,0.428846,0.411939,0.307278
stepper_motor__NEMA17_34,Complex,stepper_motor,0.383445,0.402001,
stepper_motor__NEMA17_40,Complex,stepper_motor,0.387223,0.440956,0.316579
stepper_motor__NEMA17_40L280,Complex,stepper_motor,0.500674,0.345152,0.271281
stepper_motor__NEMA17_47,Complex,stepper_motor,0.376029,0.420206,0.297636
stepper_motor__NEMA17_47L80,Complex,stepper_motor,0.408717,0.377589,0.268050
stepper_motor__NEMA23_51,Complex,stepper_motor,0.401442,0.410060,0.359265
stepper_motor__NEMA8_30,Complex,stepper_motor,0.417116,0.366941,0.352805
stepper_motor__NEMA8_30BH,Complex,stepper_motor,0.359309,0.290646,0.282653
swiss_clip__UKPFS1008_10,Medium,swiss_clip,0.457281,0.271782,
toggle__AP5236,Complex,toggle,0.330944,0.290644,0.161418
toggle__AP5236_pin,Complex,toggle,0.346439,0.133020,0.123673
toggle__CK7000_pin,Complex,toggle,0.301935,0.107084,0.145915
toggle__CK7000_tag,Complex,toggle,0.314958,0.132320,0.111444
toggle__CK7101,Complex,toggle,0.339927,0.234245,0.198857
toggle__CK7105,Complex,toggle,0.323238,0.216600,0.167660
toggle__MS332F,Complex,toggle,0.379780,0.307740,0.231528
toggle__MS332F_pin,Complex,toggle,0.355839,0.167583,0.126701
transformer__CCM300,Medium,transformer,0.475552,0.496663,0.500096
transformer__SMALLTX,Medium,transformer,0.429054,0.427951,0.309071
tubing__CARBONFIBER10,Medium,tubing,0.350722,0.406353,0.379986
tubing__HSHRNK100,Medium,tubing,,0.399126,0.393687
tubing__HSHRNK16,Medium,tubing,0.248768,0.103053,0.088700
tubing__HSHRNK24,Medium,tubing,0.233494,0.126935,0.134746
tubing__HSHRNK32,Medium,tubing,0.300902,0.186287,0.197387
tubing__HSHRNK64,Medium,tubing,0.400067,0.341459,0.342439
tubing__NEOP85,Medium,tubing,0.415838,0.362947,0.422343
tubing__PF7,Medium,tubing,0.294889,0.271338,0.271085
tubing__PTFE07,Medium,tubing,0.307087,0.055871,0.063748
tubing__PTFE20,Medium,tubing,0.225418,0.154048,0.170291
tubing__PTFE2_3,Medium,tubing,0.219457,0.197923,0.197757
tubing__PTFE2_4,Medium,tubing,0.257342,0.244899,0.253637
tubing__PTFE4_6,Medium,tubing,0.340552,0.328642,0.320546
tubing__PVC64,Medium,tubing,0.310875,0.301149,0.325665
tubing__PVC85,Medium,tubing,0.319371,0.358784,0.377478
tubing__STFE4_3p2_CLR,Medium,tubing,0.280811,0.176527,0.219239
tubing__STFE4_6p4_CLR,Medium,tubing,0.403967,0.314192,0.328636
variac__DURATRAKV5HM,Medium,variac,0.449032,0.373144,0.382268
variac__RAVISTAT1F1,Medium,variac,0.456524,0.364261,0.372774
washer__M2_washer,Simple,washer,0.305336,0.210123,0.212083
washer__M2p5_washer,Simple,washer,0.308259,0.215879,0.220737
washer__M3_penny_washer,Simple,washer,0.298498,0.213546,0.216342
washer__M3_rubber_washer,Simple,washer,0.268154,0.271990,0.273899
washer__M3_washer,Simple,washer,0.436674,0.212743,0.216253
washer__M3p5_washer,Simple,washer,0.305979,0.209316,0.212308
washer__M4_penny_washer,Simple,washer,0.301088,0.214035,0.216371
washer__M4_washer,Simple,washer,0.309005,0.216196,0.221087
washer__M5_penny_washer,Simple,washer,0.298850,0.215708,0.219273
washer__M5_washer,Simple,washer,0.312326,0.216837,0.222018
washer__M6_penny_washer,Simple,washer,0.298515,0.212993,0.215924
washer__M6_washer,Simple,washer,0.312393,0.224426,0.230838
washer__M8_penny_washer,Simple,washer,0.337957,0.211169,0.212405
washer__M8_washer,Simple,washer,0.307838,0.215839,0.221242